id,Ram,Dhananjay,Guru,Ashutosh,id
GailJoonAhn--AshishAmresh,N,N,N,Y,N
GailJoonAhn--RonaldAskin,N,Y,N,N,N
GailJoonAhn--RobertAtkinson,N,N,N,N,N
GailJoonAhn--JanakaBalasooriya,N,N,N,N,N
GailJoonAhn--AjayBansal,N,N,N,N,N
GailJoonAhn--SrividyaBansal,N,N,N,N,N
GailJoonAhn--ChittaBaral,N,N,N,N,N
GailJoonAhn--RidaBazzi,Y,Y,Y,Y,Y
GailJoonAhn--HeniBenAmor,N,Y,N,N,N
GailJoonAhn--NadyaBliss,N,Y,Y,N,N
GailJoonAhn--KSelcukCandan,N,N,N,N,N
GailJoonAhn--YinongChen,N,N,N,N,N
GailJoonAhn--CharlesColbourn,N,Y,N,N,N
GailJoonAhn--JamesCollofello,N,Y,N,N,N
GailJoonAhn--ParthaDasgupta,Y,N,Y,N,N
GailJoonAhn--HasanDavulcu,N,N,N,N,N
GailJoonAhn--AdamDoupe,Y,Y,Y,Y,Y
GailJoonAhn--GeorgiosFainekos,N,Y,N,N,N
GailJoonAhn--AshrafGaffar,N,Y,N,N,N
GailJoonAhn--KevinGary,N,Y,N,N,N
GailJoonAhn--EsmaGel,N,N,N,N,N
GailJoonAhn--JavierGonzalezSanchez,N,Y,N,N,N
GailJoonAhn--SandeepGupta,N,Y,N,N,N
GailJoonAhn--DianneHansford,N,Y,N,N,N
GailJoonAhn--JingruiHe,N,N,N,N,N
GailJoonAhn--DijiangHuang,Y,N,Y,N,N
GailJoonAhn--SubbaraoKambhampati,N,N,N,N,N
GailJoonAhn--JoohyungLee,N,N,N,N,N
GailJoonAhn--YannHangLee,N,Y,N,N,N
GailJoonAhn--BaoxinLi,N,N,N,N,N
GailJoonAhn--TimLindquist,N,Y,N,N,N
GailJoonAhn--RossMaciejewski,N,Y,N,N,N
GailJoonAhn--RyanMeuth,N,Y,N,N,N
GailJoonAhn--PituMirchandani,N,N,N,N,N
GailJoonAhn--BrianNelson,N,N,N,N,N
GailJoonAhn--RongPan,N,Y,N,N,N
GailJoonAhn--SethuramanPanchanathan,N,N,N,N,N
GailJoonAhn--PaoloPapotti,N,Y,N,N,N
GailJoonAhn--GiuliaPedrielli,N,N,N,N,N
GailJoonAhn--FengboRen,N,Y,N,N,N
GailJoonAhn--AndreaWRicha,N,N,N,N,N
GailJoonAhn--GeorgeRunger,N,N,N,N,N
GailJoonAhn--HessamSarjoughian,N,Y,N,N,N
GailJoonAhn--MohamedSarwat,N,Y,N,N,N
GailJoonAhn--ArunabhaSen,N,N,N,N,N
GailJoonAhn--PauloShakarian,Y,Y,Y,N,Y
GailJoonAhn--AviralShrivastava,N,N,N,N,N
GailJoonAhn--DanShunk,N,Y,N,N,N
GailJoonAhn--VioletSyrotiuk,N,N,N,N,N
GailJoonAhn--HanghangTong,N,N,N,N,N
GailJoonAhn--KurtVanLehn,N,Y,N,N,N
GailJoonAhn--JReneVillalobos,N,N,N,N,N
GailJoonAhn--SarmaVrudhula,N,N,N,N,N
GailJoonAhn--ErinWalker,N,N,N,N,N
GailJoonAhn--CaroleJeanWu,N,Y,N,N,N
GailJoonAhn--TeresaWu,N,Y,N,N,N
GailJoonAhn--GuoliangXue,Y,Y,Y,N,Y
GailJoonAhn--YezhouYang,N,N,N,N,N
GailJoonAhn--StephenSYau,Y,Y,Y,Y,Y
AshishAmresh--RonaldAskin,N,N,N,N,N
AshishAmresh--RobertAtkinson,N,N,Y,N,N
AshishAmresh--JanakaBalasooriya,N,N,N,N,N
AshishAmresh--AjayBansal,N,N,N,N,N
AshishAmresh--SrividyaBansal,N,N,N,N,N
AshishAmresh--ChittaBaral,N,N,N,N,N
AshishAmresh--RidaBazzi,N,N,N,N,N
AshishAmresh--HeniBenAmor,N,N,N,N,N
AshishAmresh--NadyaBliss,N,N,N,N,N
AshishAmresh--KSelcukCandan,N,N,N,N,N
AshishAmresh--YinongChen,N,Y,N,N,N
AshishAmresh--CharlesColbourn,N,N,N,N,N
AshishAmresh--JamesCollofello,N,N,N,N,N
AshishAmresh--ParthaDasgupta,N,N,N,N,N
AshishAmresh--HasanDavulcu,N,Y,N,N,N
AshishAmresh--AdamDoupe,N,N,N,N,N
AshishAmresh--GeorgiosFainekos,N,Y,N,N,N
AshishAmresh--AshrafGaffar,N,N,Y,N,N
AshishAmresh--KevinGary,N,Y,N,N,N
AshishAmresh--EsmaGel,N,N,N,N,N
AshishAmresh--JavierGonzalezSanchez,N,Y,Y,N,N
AshishAmresh--SandeepGupta,N,N,N,N,N
AshishAmresh--DianneHansford,N,Y,N,N,N
AshishAmresh--JingruiHe,N,N,N,N,N
AshishAmresh--DijiangHuang,N,N,N,N,N
AshishAmresh--SubbaraoKambhampati,N,Y,N,N,N
AshishAmresh--JoohyungLee,N,Y,N,N,N
AshishAmresh--YannHangLee,N,N,N,N,N
AshishAmresh--BaoxinLi,N,Y,N,N,N
AshishAmresh--TimLindquist,N,N,N,N,N
AshishAmresh--RossMaciejewski,N,N,Y,N,N
AshishAmresh--RyanMeuth,N,Y,Y,N,N
AshishAmresh--PituMirchandani,N,Y,N,N,N
AshishAmresh--BrianNelson,Y,N,Y,N,N
AshishAmresh--RongPan,N,N,N,N,N
AshishAmresh--SethuramanPanchanathan,N,N,Y,N,N
AshishAmresh--PaoloPapotti,N,Y,N,N,N
AshishAmresh--GiuliaPedrielli,N,N,N,N,N
AshishAmresh--FengboRen,N,N,N,N,N
AshishAmresh--AndreaWRicha,N,N,N,N,N
AshishAmresh--GeorgeRunger,N,Y,N,N,N
AshishAmresh--HessamSarjoughian,N,Y,N,N,N
AshishAmresh--MohamedSarwat,N,Y,N,N,N
AshishAmresh--ArunabhaSen,N,Y,N,N,N
AshishAmresh--PauloShakarian,N,N,N,N,N
AshishAmresh--AviralShrivastava,N,N,N,N,N
AshishAmresh--DanShunk,N,Y,N,N,N
AshishAmresh--VioletSyrotiuk,N,N,N,N,N
AshishAmresh--HanghangTong,N,Y,N,N,N
AshishAmresh--KurtVanLehn,N,N,N,N,N
AshishAmresh--JReneVillalobos,N,N,N,N,N
AshishAmresh--SarmaVrudhula,N,N,N,N,N
AshishAmresh--ErinWalker,N,N,Y,N,N
AshishAmresh--CaroleJeanWu,N,N,N,N,N
AshishAmresh--TeresaWu,N,N,N,N,N
AshishAmresh--GuoliangXue,N,N,N,N,N
AshishAmresh--YezhouYang,N,N,N,N,N
AshishAmresh--StephenSYau,N,N,N,N,N
RonaldAskin--RobertAtkinson,N,N,N,N,N
RonaldAskin--JanakaBalasooriya,N,N,N,N,N
RonaldAskin--AjayBansal,N,N,N,N,N
RonaldAskin--SrividyaBansal,N,N,N,N,N
RonaldAskin--ChittaBaral,N,N,N,N,N
RonaldAskin--RidaBazzi,N,N,N,N,N
RonaldAskin--HeniBenAmor,N,N,N,N,N
RonaldAskin--NadyaBliss,N,N,N,N,N
RonaldAskin--KSelcukCandan,N,N,N,N,N
RonaldAskin--YinongChen,N,N,N,N,N
RonaldAskin--CharlesColbourn,N,Y,N,N,N
RonaldAskin--JamesCollofello,N,Y,N,N,N
RonaldAskin--ParthaDasgupta,N,N,N,N,N
RonaldAskin--HasanDavulcu,N,Y,N,N,N
RonaldAskin--AdamDoupe,N,Y,N,N,N
RonaldAskin--GeorgiosFainekos,N,Y,N,N,N
RonaldAskin--AshrafGaffar,N,Y,N,N,N
RonaldAskin--KevinGary,N,Y,N,N,N
RonaldAskin--EsmaGel,N,Y,Y,N,N
RonaldAskin--JavierGonzalezSanchez,N,Y,N,N,N
RonaldAskin--SandeepGupta,N,N,N,N,N
RonaldAskin--DianneHansford,N,Y,N,N,N
RonaldAskin--JingruiHe,N,Y,N,N,N
RonaldAskin--DijiangHuang,N,Y,N,N,N
RonaldAskin--SubbaraoKambhampati,N,Y,N,N,N
RonaldAskin--JoohyungLee,N,N,N,N,N
RonaldAskin--YannHangLee,N,Y,N,N,N
RonaldAskin--BaoxinLi,N,Y,N,N,N
RonaldAskin--TimLindquist,N,Y,N,N,N
RonaldAskin--RossMaciejewski,N,N,N,N,N
RonaldAskin--RyanMeuth,N,N,N,N,N
RonaldAskin--PituMirchandani,Y,Y,Y,N,Y
RonaldAskin--BrianNelson,N,N,N,N,N
RonaldAskin--RongPan,N,Y,N,N,N
RonaldAskin--SethuramanPanchanathan,N,Y,N,N,N
RonaldAskin--PaoloPapotti,N,N,N,N,N
RonaldAskin--GiuliaPedrielli,N,N,Y,N,N
RonaldAskin--FengboRen,N,Y,N,N,N
RonaldAskin--AndreaWRicha,N,N,N,N,N
RonaldAskin--GeorgeRunger,N,Y,Y,N,N
RonaldAskin--HessamSarjoughian,N,N,N,N,N
RonaldAskin--MohamedSarwat,N,Y,N,N,N
RonaldAskin--ArunabhaSen,N,N,N,N,N
RonaldAskin--PauloShakarian,N,Y,N,N,N
RonaldAskin--AviralShrivastava,N,Y,N,N,N
RonaldAskin--DanShunk,Y,N,N,N,N
RonaldAskin--VioletSyrotiuk,N,Y,N,N,N
RonaldAskin--HanghangTong,N,N,N,N,N
RonaldAskin--KurtVanLehn,N,Y,N,N,N
RonaldAskin--JReneVillalobos,Y,N,Y,N,N
RonaldAskin--SarmaVrudhula,N,Y,N,N,N
RonaldAskin--ErinWalker,N,N,N,N,N
RonaldAskin--CaroleJeanWu,N,N,N,N,N
RonaldAskin--TeresaWu,N,Y,N,N,N
RonaldAskin--GuoliangXue,N,N,N,N,N
RonaldAskin--YezhouYang,N,N,N,N,N
RonaldAskin--StephenSYau,N,N,N,N,N
RobertAtkinson--JanakaBalasooriya,N,N,N,N,N
RobertAtkinson--AjayBansal,N,N,N,Y,N
RobertAtkinson--SrividyaBansal,Y,N,N,N,N
RobertAtkinson--ChittaBaral,N,N,Y,N,N
RobertAtkinson--RidaBazzi,N,N,N,N,N
RobertAtkinson--HeniBenAmor,N,Y,N,N,N
RobertAtkinson--NadyaBliss,N,Y,N,N,N
RobertAtkinson--KSelcukCandan,N,N,N,N,N
RobertAtkinson--YinongChen,N,N,N,N,N
RobertAtkinson--CharlesColbourn,N,Y,N,N,N
RobertAtkinson--JamesCollofello,N,N,N,N,N
RobertAtkinson--ParthaDasgupta,N,N,N,N,N
RobertAtkinson--HasanDavulcu,N,N,N,N,N
RobertAtkinson--AdamDoupe,N,N,N,N,N
RobertAtkinson--GeorgiosFainekos,N,N,N,N,N
RobertAtkinson--AshrafGaffar,Y,N,Y,N,N
RobertAtkinson--KevinGary,N,Y,N,N,N
RobertAtkinson--EsmaGel,N,N,N,N,N
RobertAtkinson--JavierGonzalezSanchez,N,N,Y,N,N
RobertAtkinson--SandeepGupta,N,Y,N,N,N
RobertAtkinson--DianneHansford,N,N,N,N,N
RobertAtkinson--JingruiHe,N,N,N,Y,N
RobertAtkinson--DijiangHuang,N,N,N,N,N
RobertAtkinson--SubbaraoKambhampati,N,N,N,N,N
RobertAtkinson--JoohyungLee,N,Y,N,N,N
RobertAtkinson--YannHangLee,N,N,N,N,N
RobertAtkinson--BaoxinLi,N,N,N,N,N
RobertAtkinson--TimLindquist,N,Y,N,N,N
RobertAtkinson--RossMaciejewski,N,N,N,N,N
RobertAtkinson--RyanMeuth,Y,N,Y,N,N
RobertAtkinson--PituMirchandani,N,N,N,N,N
RobertAtkinson--BrianNelson,Y,N,N,N,N
RobertAtkinson--RongPan,N,Y,N,N,N
RobertAtkinson--SethuramanPanchanathan,Y,N,Y,N,N
RobertAtkinson--PaoloPapotti,N,N,N,N,N
RobertAtkinson--GiuliaPedrielli,N,Y,N,N,N
RobertAtkinson--FengboRen,N,N,N,N,N
RobertAtkinson--AndreaWRicha,N,Y,N,N,N
RobertAtkinson--GeorgeRunger,N,Y,N,N,N
RobertAtkinson--HessamSarjoughian,N,N,N,N,N
RobertAtkinson--MohamedSarwat,N,Y,N,N,N
RobertAtkinson--ArunabhaSen,N,Y,N,N,N
RobertAtkinson--PauloShakarian,N,Y,N,Y,N
RobertAtkinson--AviralShrivastava,N,Y,N,N,N
RobertAtkinson--DanShunk,N,Y,N,N,N
RobertAtkinson--VioletSyrotiuk,N,Y,Y,N,N
RobertAtkinson--HanghangTong,N,N,N,Y,N
RobertAtkinson--KurtVanLehn,Y,N,Y,N,N
RobertAtkinson--JReneVillalobos,N,N,N,N,N
RobertAtkinson--SarmaVrudhula,N,N,N,N,N
RobertAtkinson--ErinWalker,Y,Y,Y,N,Y
RobertAtkinson--CaroleJeanWu,N,N,N,N,N
RobertAtkinson--TeresaWu,N,N,N,N,N
RobertAtkinson--GuoliangXue,N,N,N,N,N
RobertAtkinson--YezhouYang,N,N,Y,Y,N
RobertAtkinson--StephenSYau,N,N,N,N,N
JanakaBalasooriya--AjayBansal,Y,N,N,N,N
JanakaBalasooriya--SrividyaBansal,Y,Y,N,N,N
JanakaBalasooriya--ChittaBaral,N,N,N,N,N
JanakaBalasooriya--RidaBazzi,N,Y,Y,N,N
JanakaBalasooriya--HeniBenAmor,N,N,N,N,N
JanakaBalasooriya--NadyaBliss,N,Y,N,N,N
JanakaBalasooriya--KSelcukCandan,N,N,N,N,N
JanakaBalasooriya--YinongChen,Y,N,Y,N,N
JanakaBalasooriya--CharlesColbourn,N,Y,N,N,N
JanakaBalasooriya--JamesCollofello,N,N,N,N,N
JanakaBalasooriya--ParthaDasgupta,Y,Y,Y,N,Y
JanakaBalasooriya--HasanDavulcu,N,Y,N,N,N
JanakaBalasooriya--AdamDoupe,N,Y,N,N,N
JanakaBalasooriya--GeorgiosFainekos,N,N,N,N,N
JanakaBalasooriya--AshrafGaffar,N,Y,N,N,N
JanakaBalasooriya--KevinGary,N,N,N,N,N
JanakaBalasooriya--EsmaGel,N,Y,N,N,N
JanakaBalasooriya--JavierGonzalezSanchez,N,Y,N,N,N
JanakaBalasooriya--SandeepGupta,Y,N,Y,N,N
JanakaBalasooriya--DianneHansford,N,N,N,N,N
JanakaBalasooriya--JingruiHe,N,N,N,N,N
JanakaBalasooriya--DijiangHuang,N,Y,N,Y,N
JanakaBalasooriya--SubbaraoKambhampati,N,Y,N,N,N
JanakaBalasooriya--JoohyungLee,N,Y,N,N,N
JanakaBalasooriya--YannHangLee,Y,Y,Y,Y,Y
JanakaBalasooriya--BaoxinLi,N,N,N,N,N
JanakaBalasooriya--TimLindquist,N,N,Y,N,N
JanakaBalasooriya--RossMaciejewski,N,Y,N,N,N
JanakaBalasooriya--RyanMeuth,N,Y,N,N,N
JanakaBalasooriya--PituMirchandani,N,N,N,N,N
JanakaBalasooriya--BrianNelson,N,Y,N,N,N
JanakaBalasooriya--RongPan,N,N,N,N,N
JanakaBalasooriya--SethuramanPanchanathan,N,N,N,Y,N
JanakaBalasooriya--PaoloPapotti,N,N,N,N,N
JanakaBalasooriya--GiuliaPedrielli,N,N,N,N,N
JanakaBalasooriya--FengboRen,N,Y,N,N,N
JanakaBalasooriya--AndreaWRicha,N,Y,Y,N,N
JanakaBalasooriya--GeorgeRunger,N,N,N,N,N
JanakaBalasooriya--HessamSarjoughian,N,Y,N,N,N
JanakaBalasooriya--MohamedSarwat,N,Y,N,N,N
JanakaBalasooriya--ArunabhaSen,N,N,N,N,N
JanakaBalasooriya--PauloShakarian,N,Y,N,N,N
JanakaBalasooriya--AviralShrivastava,N,Y,N,Y,N
JanakaBalasooriya--DanShunk,N,N,N,N,N
JanakaBalasooriya--VioletSyrotiuk,N,Y,N,N,N
JanakaBalasooriya--HanghangTong,N,N,N,N,N
JanakaBalasooriya--KurtVanLehn,N,N,N,N,N
JanakaBalasooriya--JReneVillalobos,N,N,N,N,N
JanakaBalasooriya--SarmaVrudhula,N,N,N,N,N
JanakaBalasooriya--ErinWalker,N,N,N,N,N
JanakaBalasooriya--CaroleJeanWu,N,N,N,N,N
JanakaBalasooriya--TeresaWu,N,Y,N,N,N
JanakaBalasooriya--GuoliangXue,N,N,N,N,N
JanakaBalasooriya--YezhouYang,N,N,Y,N,N
JanakaBalasooriya--StephenSYau,Y,N,N,N,N
AjayBansal--SrividyaBansal,Y,Y,Y,N,Y
AjayBansal--ChittaBaral,Y,Y,Y,Y,Y
AjayBansal--RidaBazzi,N,N,N,N,N
AjayBansal--HeniBenAmor,N,Y,Y,N,N
AjayBansal--NadyaBliss,N,Y,N,N,N
AjayBansal--KSelcukCandan,N,N,N,N,N
AjayBansal--YinongChen,Y,N,N,N,N
AjayBansal--CharlesColbourn,N,N,N,N,N
AjayBansal--JamesCollofello,N,Y,N,N,N
AjayBansal--ParthaDasgupta,N,Y,N,N,N
AjayBansal--HasanDavulcu,N,N,Y,N,N
AjayBansal--AdamDoupe,N,Y,N,N,N
AjayBansal--GeorgiosFainekos,N,Y,N,N,N
AjayBansal--AshrafGaffar,N,N,N,N,N
AjayBansal--KevinGary,N,N,N,N,N
AjayBansal--EsmaGel,N,N,N,N,N
AjayBansal--JavierGonzalezSanchez,N,Y,N,N,N
AjayBansal--SandeepGupta,N,N,N,N,N
AjayBansal--DianneHansford,N,N,N,N,N
AjayBansal--JingruiHe,N,N,Y,Y,N
AjayBansal--DijiangHuang,N,Y,N,N,N
AjayBansal--SubbaraoKambhampati,Y,N,Y,N,N
AjayBansal--JoohyungLee,Y,N,Y,Y,Y
AjayBansal--YannHangLee,Y,Y,Y,N,Y
AjayBansal--BaoxinLi,N,N,N,N,N
AjayBansal--TimLindquist,N,N,N,N,N
AjayBansal--RossMaciejewski,N,N,N,N,N
AjayBansal--RyanMeuth,N,Y,N,N,N
AjayBansal--PituMirchandani,N,Y,N,N,N
AjayBansal--BrianNelson,N,Y,N,N,N
AjayBansal--RongPan,N,N,N,N,N
AjayBansal--SethuramanPanchanathan,N,N,N,N,N
AjayBansal--PaoloPapotti,N,Y,N,N,N
AjayBansal--GiuliaPedrielli,N,N,N,N,N
AjayBansal--FengboRen,N,N,Y,N,N
AjayBansal--AndreaWRicha,N,N,N,N,N
AjayBansal--GeorgeRunger,N,N,N,N,N
AjayBansal--HessamSarjoughian,N,Y,N,N,N
AjayBansal--MohamedSarwat,N,N,N,N,N
AjayBansal--ArunabhaSen,N,Y,N,N,N
AjayBansal--PauloShakarian,N,N,N,N,N
AjayBansal--AviralShrivastava,N,Y,N,N,N
AjayBansal--DanShunk,N,Y,N,N,N
AjayBansal--VioletSyrotiuk,N,N,N,N,N
AjayBansal--HanghangTong,Y,N,Y,Y,Y
AjayBansal--KurtVanLehn,N,N,N,N,N
AjayBansal--JReneVillalobos,N,N,N,N,N
AjayBansal--SarmaVrudhula,N,N,N,N,N
AjayBansal--ErinWalker,N,N,N,N,N
AjayBansal--CaroleJeanWu,N,Y,N,N,N
AjayBansal--TeresaWu,N,Y,N,N,N
AjayBansal--GuoliangXue,N,Y,N,N,N
AjayBansal--YezhouYang,N,N,N,N,N
AjayBansal--StephenSYau,N,N,N,N,N
SrividyaBansal--ChittaBaral,N,N,N,N,N
SrividyaBansal--RidaBazzi,N,N,N,N,N
SrividyaBansal--HeniBenAmor,N,N,N,N,N
SrividyaBansal--NadyaBliss,N,Y,N,N,N
SrividyaBansal--KSelcukCandan,N,N,N,N,N
SrividyaBansal--YinongChen,Y,Y,N,N,N
SrividyaBansal--CharlesColbourn,N,N,N,N,N
SrividyaBansal--JamesCollofello,N,Y,N,N,N
SrividyaBansal--ParthaDasgupta,N,N,N,N,N
SrividyaBansal--HasanDavulcu,N,Y,Y,N,N
SrividyaBansal--AdamDoupe,N,Y,N,N,N
SrividyaBansal--GeorgiosFainekos,N,N,N,N,N
SrividyaBansal--AshrafGaffar,N,N,N,N,N
SrividyaBansal--KevinGary,N,Y,N,N,N
SrividyaBansal--EsmaGel,N,Y,N,N,N
SrividyaBansal--JavierGonzalezSanchez,N,Y,N,N,N
SrividyaBansal--SandeepGupta,N,Y,N,N,N
SrividyaBansal--DianneHansford,N,N,N,N,N
SrividyaBansal--JingruiHe,N,Y,N,N,N
SrividyaBansal--DijiangHuang,N,N,N,N,N
SrividyaBansal--SubbaraoKambhampati,N,N,N,N,N
SrividyaBansal--JoohyungLee,N,Y,N,N,N
SrividyaBansal--YannHangLee,Y,N,N,N,N
SrividyaBansal--BaoxinLi,N,N,N,N,N
SrividyaBansal--TimLindquist,N,Y,N,N,N
SrividyaBansal--RossMaciejewski,N,Y,N,N,N
SrividyaBansal--RyanMeuth,N,Y,N,N,N
SrividyaBansal--PituMirchandani,N,N,N,N,N
SrividyaBansal--BrianNelson,Y,Y,N,N,N
SrividyaBansal--RongPan,N,N,N,N,N
SrividyaBansal--SethuramanPanchanathan,N,N,N,N,N
SrividyaBansal--PaoloPapotti,N,N,N,N,N
SrividyaBansal--GiuliaPedrielli,N,Y,N,N,N
SrividyaBansal--FengboRen,N,Y,N,N,N
SrividyaBansal--AndreaWRicha,N,Y,N,N,N
SrividyaBansal--GeorgeRunger,N,N,N,N,N
SrividyaBansal--HessamSarjoughian,N,N,N,N,N
SrividyaBansal--MohamedSarwat,N,N,N,N,N
SrividyaBansal--ArunabhaSen,N,N,N,N,N
SrividyaBansal--PauloShakarian,N,Y,N,N,N
SrividyaBansal--AviralShrivastava,N,Y,N,N,N
SrividyaBansal--DanShunk,N,Y,N,N,N
SrividyaBansal--VioletSyrotiuk,N,N,N,N,N
SrividyaBansal--HanghangTong,N,Y,N,N,N
SrividyaBansal--KurtVanLehn,Y,N,N,N,N
SrividyaBansal--JReneVillalobos,N,N,N,N,N
SrividyaBansal--SarmaVrudhula,N,Y,N,N,N
SrividyaBansal--ErinWalker,Y,Y,N,N,N
SrividyaBansal--CaroleJeanWu,N,Y,N,N,N
SrividyaBansal--TeresaWu,N,N,N,N,N
SrividyaBansal--GuoliangXue,N,Y,N,N,N
SrividyaBansal--YezhouYang,N,N,N,N,N
SrividyaBansal--StephenSYau,N,N,N,N,N
ChittaBaral--RidaBazzi,N,N,N,N,N
ChittaBaral--HeniBenAmor,N,Y,N,N,N
ChittaBaral--NadyaBliss,N,N,N,N,N
ChittaBaral--KSelcukCandan,N,Y,N,N,N
ChittaBaral--YinongChen,N,N,N,N,N
ChittaBaral--CharlesColbourn,N,Y,N,N,N
ChittaBaral--JamesCollofello,N,Y,N,N,N
ChittaBaral--ParthaDasgupta,N,N,N,N,N
ChittaBaral--HasanDavulcu,N,Y,N,N,N
ChittaBaral--AdamDoupe,N,Y,N,N,N
ChittaBaral--GeorgiosFainekos,N,Y,N,N,N
ChittaBaral--AshrafGaffar,N,Y,N,N,N
ChittaBaral--KevinGary,N,Y,N,N,N
ChittaBaral--EsmaGel,N,N,N,N,N
ChittaBaral--JavierGonzalezSanchez,N,Y,N,N,N
ChittaBaral--SandeepGupta,N,N,N,N,N
ChittaBaral--DianneHansford,N,N,N,N,N
ChittaBaral--JingruiHe,N,N,N,N,N
ChittaBaral--DijiangHuang,N,Y,N,N,N
ChittaBaral--SubbaraoKambhampati,N,N,N,N,N
ChittaBaral--JoohyungLee,Y,Y,Y,Y,Y
ChittaBaral--YannHangLee,N,N,N,N,N
ChittaBaral--BaoxinLi,N,N,N,N,N
ChittaBaral--TimLindquist,N,Y,N,N,N
ChittaBaral--RossMaciejewski,N,Y,N,N,N
ChittaBaral--RyanMeuth,N,N,N,N,N
ChittaBaral--PituMirchandani,N,N,N,N,N
ChittaBaral--BrianNelson,N,N,N,N,N
ChittaBaral--RongPan,N,N,N,N,N
ChittaBaral--SethuramanPanchanathan,N,Y,N,N,N
ChittaBaral--PaoloPapotti,N,Y,N,N,N
ChittaBaral--GiuliaPedrielli,N,N,N,N,N
ChittaBaral--FengboRen,N,Y,N,N,N
ChittaBaral--AndreaWRicha,N,N,N,N,N
ChittaBaral--GeorgeRunger,N,Y,N,N,N
ChittaBaral--HessamSarjoughian,N,Y,N,N,N
ChittaBaral--MohamedSarwat,N,Y,N,N,N
ChittaBaral--ArunabhaSen,N,N,N,N,N
ChittaBaral--PauloShakarian,N,Y,N,N,N
ChittaBaral--AviralShrivastava,N,N,N,N,N
ChittaBaral--DanShunk,N,N,N,N,N
ChittaBaral--VioletSyrotiuk,N,N,N,N,N
ChittaBaral--HanghangTong,N,N,N,N,N
ChittaBaral--KurtVanLehn,Y,N,N,N,N
ChittaBaral--JReneVillalobos,N,N,N,N,N
ChittaBaral--SarmaVrudhula,N,N,N,N,N
ChittaBaral--ErinWalker,N,Y,N,N,N
ChittaBaral--CaroleJeanWu,N,N,N,N,N
ChittaBaral--TeresaWu,N,Y,N,N,N
ChittaBaral--GuoliangXue,N,Y,N,N,N
ChittaBaral--YezhouYang,N,N,N,N,N
ChittaBaral--StephenSYau,N,N,N,N,N
RidaBazzi--HeniBenAmor,N,N,N,N,N
RidaBazzi--NadyaBliss,Y,Y,Y,N,Y
RidaBazzi--KSelcukCandan,N,Y,N,N,N
RidaBazzi--YinongChen,Y,Y,Y,Y,Y
RidaBazzi--CharlesColbourn,N,Y,N,N,N
RidaBazzi--JamesCollofello,N,N,N,N,N
RidaBazzi--ParthaDasgupta,Y,N,Y,Y,Y
RidaBazzi--HasanDavulcu,N,Y,N,N,N
RidaBazzi--AdamDoupe,Y,N,Y,Y,Y
RidaBazzi--GeorgiosFainekos,N,Y,N,N,N
RidaBazzi--AshrafGaffar,N,N,N,N,N
RidaBazzi--KevinGary,N,Y,N,N,N
RidaBazzi--EsmaGel,N,Y,N,N,N
RidaBazzi--JavierGonzalezSanchez,N,Y,N,N,N
RidaBazzi--SandeepGupta,N,N,Y,Y,N
RidaBazzi--DianneHansford,N,N,N,N,N
RidaBazzi--JingruiHe,N,N,N,N,N
RidaBazzi--DijiangHuang,Y,Y,N,Y,Y
RidaBazzi--SubbaraoKambhampati,N,N,N,N,N
RidaBazzi--JoohyungLee,N,N,N,N,N
RidaBazzi--YannHangLee,N,Y,Y,N,N
RidaBazzi--BaoxinLi,N,Y,N,N,N
RidaBazzi--TimLindquist,N,N,N,N,N
RidaBazzi--RossMaciejewski,N,N,N,N,N
RidaBazzi--RyanMeuth,N,Y,N,N,N
RidaBazzi--PituMirchandani,N,N,N,N,N
RidaBazzi--BrianNelson,N,Y,N,N,N
RidaBazzi--RongPan,N,N,N,N,N
RidaBazzi--SethuramanPanchanathan,N,N,N,N,N
RidaBazzi--PaoloPapotti,N,N,N,N,N
RidaBazzi--GiuliaPedrielli,N,Y,N,N,N
RidaBazzi--FengboRen,N,N,N,N,N
RidaBazzi--AndreaWRicha,N,N,N,N,N
RidaBazzi--GeorgeRunger,N,Y,N,N,N
RidaBazzi--HessamSarjoughian,N,Y,N,N,N
RidaBazzi--MohamedSarwat,N,Y,N,N,N
RidaBazzi--ArunabhaSen,N,Y,N,N,N
RidaBazzi--PauloShakarian,Y,N,Y,N,N
RidaBazzi--AviralShrivastava,N,Y,N,N,N
RidaBazzi--DanShunk,N,Y,N,N,N
RidaBazzi--VioletSyrotiuk,N,N,N,N,N
RidaBazzi--HanghangTong,N,N,N,N,N
RidaBazzi--KurtVanLehn,N,Y,N,N,N
RidaBazzi--JReneVillalobos,N,N,N,N,N
RidaBazzi--SarmaVrudhula,N,N,N,N,N
RidaBazzi--ErinWalker,N,N,N,N,N
RidaBazzi--CaroleJeanWu,N,Y,N,N,N
RidaBazzi--TeresaWu,N,N,N,N,N
RidaBazzi--GuoliangXue,Y,N,Y,N,N
RidaBazzi--YezhouYang,N,Y,N,N,N
RidaBazzi--StephenSYau,Y,N,Y,Y,Y
HeniBenAmor--NadyaBliss,N,Y,N,N,N
HeniBenAmor--KSelcukCandan,N,N,N,N,N
HeniBenAmor--YinongChen,N,N,N,N,N
HeniBenAmor--CharlesColbourn,N,Y,N,N,N
HeniBenAmor--JamesCollofello,N,N,N,N,N
HeniBenAmor--ParthaDasgupta,N,Y,N,N,N
HeniBenAmor--HasanDavulcu,N,N,N,N,N
HeniBenAmor--AdamDoupe,N,Y,N,N,N
HeniBenAmor--GeorgiosFainekos,Y,Y,Y,N,Y
HeniBenAmor--AshrafGaffar,Y,N,N,N,N
HeniBenAmor--KevinGary,N,N,N,N,N
HeniBenAmor--EsmaGel,N,Y,N,N,N
HeniBenAmor--JavierGonzalezSanchez,N,Y,N,N,N
HeniBenAmor--SandeepGupta,N,Y,N,N,N
HeniBenAmor--DianneHansford,N,N,N,N,N
HeniBenAmor--JingruiHe,Y,N,Y,Y,Y
HeniBenAmor--DijiangHuang,N,Y,N,N,N
HeniBenAmor--SubbaraoKambhampati,Y,Y,N,Y,Y
HeniBenAmor--JoohyungLee,N,N,N,N,N
HeniBenAmor--YannHangLee,N,N,N,N,N
HeniBenAmor--BaoxinLi,N,N,N,N,N
HeniBenAmor--TimLindquist,N,N,N,N,N
HeniBenAmor--RossMaciejewski,N,Y,N,N,N
HeniBenAmor--RyanMeuth,N,N,N,N,N
HeniBenAmor--PituMirchandani,N,Y,N,N,N
HeniBenAmor--BrianNelson,N,Y,N,N,N
HeniBenAmor--RongPan,N,N,N,N,N
HeniBenAmor--SethuramanPanchanathan,N,N,N,N,N
HeniBenAmor--PaoloPapotti,N,N,N,N,N
HeniBenAmor--GiuliaPedrielli,N,N,N,N,N
HeniBenAmor--FengboRen,N,N,N,N,N
HeniBenAmor--AndreaWRicha,N,Y,N,N,N
HeniBenAmor--GeorgeRunger,N,Y,N,N,N
HeniBenAmor--HessamSarjoughian,N,Y,N,N,N
HeniBenAmor--MohamedSarwat,N,Y,N,N,N
HeniBenAmor--ArunabhaSen,N,Y,N,N,N
HeniBenAmor--PauloShakarian,Y,Y,Y,N,Y
HeniBenAmor--AviralShrivastava,N,Y,N,N,N
HeniBenAmor--DanShunk,N,N,N,N,N
HeniBenAmor--VioletSyrotiuk,N,N,N,N,N
HeniBenAmor--HanghangTong,Y,Y,Y,Y,Y
HeniBenAmor--KurtVanLehn,Y,N,Y,Y,Y
HeniBenAmor--JReneVillalobos,N,N,N,N,N
HeniBenAmor--SarmaVrudhula,N,N,N,N,N
HeniBenAmor--ErinWalker,N,Y,N,N,N
HeniBenAmor--CaroleJeanWu,N,Y,N,N,N
HeniBenAmor--TeresaWu,N,Y,N,N,N
HeniBenAmor--GuoliangXue,N,N,N,N,N
HeniBenAmor--YezhouYang,Y,Y,N,Y,Y
HeniBenAmor--StephenSYau,N,N,N,N,N
NadyaBliss--KSelcukCandan,Y,N,N,N,N
NadyaBliss--YinongChen,N,Y,Y,N,N
NadyaBliss--CharlesColbourn,N,Y,N,N,N
NadyaBliss--JamesCollofello,N,N,N,N,N
NadyaBliss--ParthaDasgupta,Y,Y,Y,N,Y
NadyaBliss--HasanDavulcu,Y,N,N,N,N
NadyaBliss--AdamDoupe,Y,Y,Y,N,Y
NadyaBliss--GeorgiosFainekos,N,Y,N,N,N
NadyaBliss--AshrafGaffar,N,Y,N,N,N
NadyaBliss--KevinGary,N,N,N,N,N
NadyaBliss--EsmaGel,N,N,N,N,N
NadyaBliss--JavierGonzalezSanchez,N,Y,N,N,N
NadyaBliss--SandeepGupta,N,N,Y,N,N
NadyaBliss--DianneHansford,N,Y,N,N,N
NadyaBliss--JingruiHe,N,Y,N,N,N
NadyaBliss--DijiangHuang,N,N,N,Y,N
NadyaBliss--SubbaraoKambhampati,N,N,N,N,N
NadyaBliss--JoohyungLee,N,Y,N,N,N
NadyaBliss--YannHangLee,N,N,Y,N,N
NadyaBliss--BaoxinLi,N,N,N,N,N
NadyaBliss--TimLindquist,N,N,N,N,N
NadyaBliss--RossMaciejewski,Y,N,N,Y,N
NadyaBliss--RyanMeuth,N,N,N,N,N
NadyaBliss--PituMirchandani,N,Y,N,N,N
NadyaBliss--BrianNelson,N,Y,N,N,N
NadyaBliss--RongPan,N,Y,N,N,N
NadyaBliss--SethuramanPanchanathan,N,Y,N,N,N
NadyaBliss--PaoloPapotti,N,Y,N,Y,N
NadyaBliss--GiuliaPedrielli,N,Y,N,N,N
NadyaBliss--FengboRen,Y,N,N,N,N
NadyaBliss--AndreaWRicha,N,N,N,Y,N
NadyaBliss--GeorgeRunger,N,Y,N,N,N
NadyaBliss--HessamSarjoughian,N,Y,N,N,N
NadyaBliss--MohamedSarwat,N,Y,N,Y,N
NadyaBliss--ArunabhaSen,N,Y,N,N,N
NadyaBliss--PauloShakarian,Y,N,Y,N,N
NadyaBliss--AviralShrivastava,N,N,N,N,N
NadyaBliss--DanShunk,N,Y,N,N,N
NadyaBliss--VioletSyrotiuk,N,Y,N,N,N
NadyaBliss--HanghangTong,N,N,N,N,N
NadyaBliss--KurtVanLehn,N,N,N,N,N
NadyaBliss--JReneVillalobos,N,N,N,N,N
NadyaBliss--SarmaVrudhula,N,N,N,N,N
NadyaBliss--ErinWalker,N,Y,N,N,N
NadyaBliss--CaroleJeanWu,N,Y,N,N,N
NadyaBliss--TeresaWu,N,N,N,N,N
NadyaBliss--GuoliangXue,Y,N,Y,N,N
NadyaBliss--YezhouYang,N,N,N,N,N
NadyaBliss--StephenSYau,Y,N,Y,N,N
KSelcukCandan--YinongChen,N,Y,N,N,N
KSelcukCandan--CharlesColbourn,N,Y,N,N,N
KSelcukCandan--JamesCollofello,N,N,N,N,N
KSelcukCandan--ParthaDasgupta,N,N,N,N,N
KSelcukCandan--HasanDavulcu,Y,Y,Y,Y,Y
KSelcukCandan--AdamDoupe,N,N,N,N,N
KSelcukCandan--GeorgiosFainekos,N,Y,N,N,N
KSelcukCandan--AshrafGaffar,N,Y,N,N,N
KSelcukCandan--KevinGary,N,Y,N,N,N
KSelcukCandan--EsmaGel,N,N,N,N,N
KSelcukCandan--JavierGonzalezSanchez,N,N,N,N,N
KSelcukCandan--SandeepGupta,N,N,N,N,N
KSelcukCandan--DianneHansford,N,N,N,N,N
KSelcukCandan--JingruiHe,N,N,N,N,N
KSelcukCandan--DijiangHuang,N,N,N,N,N
KSelcukCandan--SubbaraoKambhampati,N,Y,N,N,N
KSelcukCandan--JoohyungLee,N,Y,N,N,N
KSelcukCandan--YannHangLee,N,Y,N,N,N
KSelcukCandan--BaoxinLi,N,N,N,N,N
KSelcukCandan--TimLindquist,N,N,N,N,N
KSelcukCandan--RossMaciejewski,N,Y,N,N,N
KSelcukCandan--RyanMeuth,N,N,N,N,N
KSelcukCandan--PituMirchandani,N,N,N,N,N
KSelcukCandan--BrianNelson,N,Y,N,N,N
KSelcukCandan--RongPan,N,N,N,N,N
KSelcukCandan--SethuramanPanchanathan,N,Y,N,N,N
KSelcukCandan--PaoloPapotti,N,N,Y,Y,N
KSelcukCandan--GiuliaPedrielli,N,Y,N,N,N
KSelcukCandan--FengboRen,N,Y,N,N,N
KSelcukCandan--AndreaWRicha,N,Y,N,N,N
KSelcukCandan--GeorgeRunger,N,N,N,N,N
KSelcukCandan--HessamSarjoughian,N,Y,N,N,N
KSelcukCandan--MohamedSarwat,Y,Y,N,Y,Y
KSelcukCandan--ArunabhaSen,N,N,N,N,N
KSelcukCandan--PauloShakarian,N,N,N,N,N
KSelcukCandan--AviralShrivastava,N,N,N,N,N
KSelcukCandan--DanShunk,N,N,N,N,N
KSelcukCandan--VioletSyrotiuk,N,Y,N,N,N
KSelcukCandan--HanghangTong,N,N,N,N,N
KSelcukCandan--KurtVanLehn,N,Y,N,N,N
KSelcukCandan--JReneVillalobos,N,N,N,N,N
KSelcukCandan--SarmaVrudhula,N,N,N,N,N
KSelcukCandan--ErinWalker,N,N,N,N,N
KSelcukCandan--CaroleJeanWu,N,Y,N,N,N
KSelcukCandan--TeresaWu,N,N,N,N,N
KSelcukCandan--GuoliangXue,N,Y,N,N,N
KSelcukCandan--YezhouYang,N,N,N,N,N
KSelcukCandan--StephenSYau,N,N,N,N,N
YinongChen--CharlesColbourn,N,Y,N,N,N
YinongChen--JamesCollofello,N,N,N,N,N
YinongChen--ParthaDasgupta,Y,Y,Y,N,Y
YinongChen--HasanDavulcu,N,N,N,N,N
YinongChen--AdamDoupe,N,Y,N,N,N
YinongChen--GeorgiosFainekos,N,Y,Y,Y,Y
YinongChen--AshrafGaffar,N,Y,N,N,N
YinongChen--KevinGary,N,Y,N,N,N
YinongChen--EsmaGel,N,N,N,N,N
YinongChen--JavierGonzalezSanchez,N,Y,N,N,N
YinongChen--SandeepGupta,Y,Y,Y,Y,Y
YinongChen--DianneHansford,N,N,N,N,N
YinongChen--JingruiHe,N,Y,N,N,N
YinongChen--DijiangHuang,N,Y,N,N,N
YinongChen--SubbaraoKambhampati,N,Y,N,N,N
YinongChen--JoohyungLee,N,N,Y,N,N
YinongChen--YannHangLee,Y,N,N,N,N
YinongChen--BaoxinLi,N,Y,N,N,N
YinongChen--TimLindquist,N,N,Y,N,N
YinongChen--RossMaciejewski,N,Y,N,N,N
YinongChen--RyanMeuth,N,N,N,N,N
YinongChen--PituMirchandani,N,Y,N,N,N
YinongChen--BrianNelson,N,Y,N,N,N
YinongChen--RongPan,N,N,N,N,N
YinongChen--SethuramanPanchanathan,N,Y,N,N,N
YinongChen--PaoloPapotti,N,N,N,N,N
YinongChen--GiuliaPedrielli,N,N,N,N,N
YinongChen--FengboRen,N,Y,Y,N,N
YinongChen--AndreaWRicha,N,N,Y,N,N
YinongChen--GeorgeRunger,N,N,N,N,N
YinongChen--HessamSarjoughian,N,N,N,N,N
YinongChen--MohamedSarwat,N,N,N,N,N
YinongChen--ArunabhaSen,N,N,N,N,N
YinongChen--PauloShakarian,N,Y,N,N,N
YinongChen--AviralShrivastava,N,N,Y,N,N
YinongChen--DanShunk,N,N,N,N,N
YinongChen--VioletSyrotiuk,N,N,N,N,N
YinongChen--HanghangTong,N,N,N,N,N
YinongChen--KurtVanLehn,N,N,N,N,N
YinongChen--JReneVillalobos,N,N,N,N,N
YinongChen--SarmaVrudhula,N,Y,N,N,N
YinongChen--ErinWalker,N,Y,N,N,N
YinongChen--CaroleJeanWu,N,Y,N,N,N
YinongChen--TeresaWu,N,Y,N,N,N
YinongChen--GuoliangXue,N,N,N,N,N
YinongChen--YezhouYang,N,N,N,N,N
YinongChen--StephenSYau,Y,N,Y,N,N
CharlesColbourn--JamesCollofello,N,Y,N,N,N
CharlesColbourn--ParthaDasgupta,N,Y,N,N,N
CharlesColbourn--HasanDavulcu,N,Y,N,N,N
CharlesColbourn--AdamDoupe,N,Y,N,N,N
CharlesColbourn--GeorgiosFainekos,N,N,N,N,N
CharlesColbourn--AshrafGaffar,N,Y,N,N,N
CharlesColbourn--KevinGary,N,Y,N,N,N
CharlesColbourn--EsmaGel,N,N,N,Y,N
CharlesColbourn--JavierGonzalezSanchez,N,N,N,N,N
CharlesColbourn--SandeepGupta,N,Y,N,N,N
CharlesColbourn--DianneHansford,N,Y,N,N,N
CharlesColbourn--JingruiHe,N,N,N,N,N
CharlesColbourn--DijiangHuang,N,Y,N,N,N
CharlesColbourn--SubbaraoKambhampati,N,Y,N,N,N
CharlesColbourn--JoohyungLee,N,N,N,N,N
CharlesColbourn--YannHangLee,N,Y,N,N,N
CharlesColbourn--BaoxinLi,N,N,N,N,N
CharlesColbourn--TimLindquist,N,N,N,N,N
CharlesColbourn--RossMaciejewski,N,Y,N,N,N
CharlesColbourn--RyanMeuth,N,Y,N,N,N
CharlesColbourn--PituMirchandani,N,N,N,N,N
CharlesColbourn--BrianNelson,N,N,N,N,N
CharlesColbourn--RongPan,N,N,N,N,N
CharlesColbourn--SethuramanPanchanathan,N,Y,N,N,N
CharlesColbourn--PaoloPapotti,N,N,N,N,N
CharlesColbourn--GiuliaPedrielli,N,N,N,N,N
CharlesColbourn--FengboRen,N,N,N,N,N
CharlesColbourn--AndreaWRicha,N,N,Y,Y,N
CharlesColbourn--GeorgeRunger,N,Y,N,N,N
CharlesColbourn--HessamSarjoughian,N,N,N,N,N
CharlesColbourn--MohamedSarwat,N,N,N,N,N
CharlesColbourn--ArunabhaSen,Y,Y,Y,N,Y
CharlesColbourn--PauloShakarian,N,N,N,N,N
CharlesColbourn--AviralShrivastava,N,Y,N,N,N
CharlesColbourn--DanShunk,N,Y,N,N,N
CharlesColbourn--VioletSyrotiuk,N,Y,Y,N,N
CharlesColbourn--HanghangTong,N,Y,N,N,N
CharlesColbourn--KurtVanLehn,N,Y,N,N,N
CharlesColbourn--JReneVillalobos,N,N,N,N,N
CharlesColbourn--SarmaVrudhula,N,Y,N,N,N
CharlesColbourn--ErinWalker,N,N,N,N,N
CharlesColbourn--CaroleJeanWu,N,Y,N,N,N
CharlesColbourn--TeresaWu,N,Y,N,N,N
CharlesColbourn--GuoliangXue,N,Y,N,N,N
CharlesColbourn--YezhouYang,N,N,N,N,N
CharlesColbourn--StephenSYau,N,N,N,N,N
JamesCollofello--ParthaDasgupta,N,Y,N,N,N
JamesCollofello--HasanDavulcu,N,Y,N,N,N
JamesCollofello--AdamDoupe,N,Y,N,N,N
JamesCollofello--GeorgiosFainekos,Y,N,N,N,N
JamesCollofello--AshrafGaffar,N,N,N,N,N
JamesCollofello--KevinGary,Y,Y,N,N,N
JamesCollofello--EsmaGel,N,Y,N,N,N
JamesCollofello--JavierGonzalezSanchez,Y,Y,Y,N,Y
JamesCollofello--SandeepGupta,N,N,N,N,N
JamesCollofello--DianneHansford,N,Y,N,N,N
JamesCollofello--JingruiHe,N,N,N,N,N
JamesCollofello--DijiangHuang,N,Y,N,N,N
JamesCollofello--SubbaraoKambhampati,N,Y,N,N,N
JamesCollofello--JoohyungLee,N,N,N,N,N
JamesCollofello--YannHangLee,N,Y,N,N,N
JamesCollofello--BaoxinLi,N,Y,N,N,N
JamesCollofello--TimLindquist,Y,N,Y,Y,Y
JamesCollofello--RossMaciejewski,N,N,N,N,N
JamesCollofello--RyanMeuth,N,Y,N,N,N
JamesCollofello--PituMirchandani,N,Y,N,N,N
JamesCollofello--BrianNelson,N,Y,N,N,N
JamesCollofello--RongPan,N,Y,N,N,N
JamesCollofello--SethuramanPanchanathan,N,Y,N,N,N
JamesCollofello--PaoloPapotti,N,N,N,N,N
JamesCollofello--GiuliaPedrielli,N,Y,N,N,N
JamesCollofello--FengboRen,N,N,N,N,N
JamesCollofello--AndreaWRicha,N,Y,N,N,N
JamesCollofello--GeorgeRunger,N,N,N,N,N
JamesCollofello--HessamSarjoughian,N,Y,N,N,N
JamesCollofello--MohamedSarwat,N,Y,N,N,N
JamesCollofello--ArunabhaSen,N,Y,N,N,N
JamesCollofello--PauloShakarian,N,Y,N,N,N
JamesCollofello--AviralShrivastava,N,Y,N,N,N
JamesCollofello--DanShunk,N,Y,N,N,N
JamesCollofello--VioletSyrotiuk,N,Y,N,N,N
JamesCollofello--HanghangTong,N,N,N,N,N
JamesCollofello--KurtVanLehn,N,N,N,N,N
JamesCollofello--JReneVillalobos,N,N,N,N,N
JamesCollofello--SarmaVrudhula,N,Y,N,N,N
JamesCollofello--ErinWalker,N,Y,N,N,N
JamesCollofello--CaroleJeanWu,N,Y,N,N,N
JamesCollofello--TeresaWu,N,Y,N,N,N
JamesCollofello--GuoliangXue,N,Y,N,N,N
JamesCollofello--YezhouYang,N,N,N,N,N
JamesCollofello--StephenSYau,Y,N,Y,N,N
ParthaDasgupta--HasanDavulcu,N,Y,N,N,N
ParthaDasgupta--AdamDoupe,Y,Y,Y,Y,Y
ParthaDasgupta--GeorgiosFainekos,N,N,N,N,N
ParthaDasgupta--AshrafGaffar,N,Y,N,N,N
ParthaDasgupta--KevinGary,N,Y,N,N,N
ParthaDasgupta--EsmaGel,N,Y,N,N,N
ParthaDasgupta--JavierGonzalezSanchez,N,Y,N,N,N
ParthaDasgupta--SandeepGupta,Y,Y,Y,N,Y
ParthaDasgupta--DianneHansford,N,N,N,N,N
ParthaDasgupta--JingruiHe,N,Y,N,N,N
ParthaDasgupta--DijiangHuang,Y,Y,N,N,N
ParthaDasgupta--SubbaraoKambhampati,N,Y,N,N,N
ParthaDasgupta--JoohyungLee,N,Y,N,N,N
ParthaDasgupta--YannHangLee,Y,Y,Y,Y,Y
ParthaDasgupta--BaoxinLi,N,N,N,N,N
ParthaDasgupta--TimLindquist,N,N,N,N,N
ParthaDasgupta--RossMaciejewski,N,Y,N,N,N
ParthaDasgupta--RyanMeuth,N,Y,N,N,N
ParthaDasgupta--PituMirchandani,N,Y,N,N,N
ParthaDasgupta--BrianNelson,N,Y,N,N,N
ParthaDasgupta--RongPan,N,N,N,N,N
ParthaDasgupta--SethuramanPanchanathan,N,N,N,Y,N
ParthaDasgupta--PaoloPapotti,N,Y,N,N,N
ParthaDasgupta--GiuliaPedrielli,N,Y,N,N,N
ParthaDasgupta--FengboRen,N,Y,N,N,N
ParthaDasgupta--AndreaWRicha,N,Y,N,N,N
ParthaDasgupta--GeorgeRunger,N,Y,N,N,N
ParthaDasgupta--HessamSarjoughian,N,N,N,N,N
ParthaDasgupta--MohamedSarwat,N,Y,N,N,N
ParthaDasgupta--ArunabhaSen,N,N,N,N,N
ParthaDasgupta--PauloShakarian,Y,Y,Y,N,Y
ParthaDasgupta--AviralShrivastava,N,N,N,N,N
ParthaDasgupta--DanShunk,N,N,N,N,N
ParthaDasgupta--VioletSyrotiuk,N,N,N,N,N
ParthaDasgupta--HanghangTong,N,N,N,N,N
ParthaDasgupta--KurtVanLehn,N,Y,N,N,N
ParthaDasgupta--JReneVillalobos,N,N,N,N,N
ParthaDasgupta--SarmaVrudhula,N,Y,N,N,N
ParthaDasgupta--ErinWalker,N,Y,N,N,N
ParthaDasgupta--CaroleJeanWu,N,Y,N,N,N
ParthaDasgupta--TeresaWu,N,Y,N,N,N
ParthaDasgupta--GuoliangXue,Y,N,Y,N,N
ParthaDasgupta--YezhouYang,N,N,N,N,N
ParthaDasgupta--StephenSYau,Y,N,Y,N,N
HasanDavulcu--AdamDoupe,N,Y,N,N,N
HasanDavulcu--GeorgiosFainekos,N,Y,N,N,N
HasanDavulcu--AshrafGaffar,N,N,N,N,N
HasanDavulcu--KevinGary,N,N,N,N,N
HasanDavulcu--EsmaGel,N,N,N,N,N
HasanDavulcu--JavierGonzalezSanchez,N,N,N,N,N
HasanDavulcu--SandeepGupta,N,Y,N,N,N
HasanDavulcu--DianneHansford,N,N,N,N,N
HasanDavulcu--JingruiHe,N,N,N,N,N
HasanDavulcu--DijiangHuang,N,N,N,N,N
HasanDavulcu--SubbaraoKambhampati,N,Y,N,N,N
HasanDavulcu--JoohyungLee,N,N,N,N,N
HasanDavulcu--YannHangLee,N,N,N,N,N
HasanDavulcu--BaoxinLi,N,N,N,N,N
HasanDavulcu--TimLindquist,N,Y,N,N,N
HasanDavulcu--RossMaciejewski,N,N,N,N,N
HasanDavulcu--RyanMeuth,N,Y,N,N,N
HasanDavulcu--PituMirchandani,N,Y,N,N,N
HasanDavulcu--BrianNelson,N,Y,N,Y,N
HasanDavulcu--RongPan,N,Y,N,N,N
HasanDavulcu--SethuramanPanchanathan,N,N,N,N,N
HasanDavulcu--PaoloPapotti,Y,N,Y,Y,Y
HasanDavulcu--GiuliaPedrielli,N,N,N,N,N
HasanDavulcu--FengboRen,N,Y,N,N,N
HasanDavulcu--AndreaWRicha,N,N,N,N,N
HasanDavulcu--GeorgeRunger,Y,Y,N,Y,Y
HasanDavulcu--HessamSarjoughian,N,Y,N,N,N
HasanDavulcu--MohamedSarwat,Y,Y,N,Y,Y
HasanDavulcu--ArunabhaSen,N,Y,N,N,N
HasanDavulcu--PauloShakarian,N,Y,N,N,N
HasanDavulcu--AviralShrivastava,N,N,N,N,N
HasanDavulcu--DanShunk,N,N,N,N,N
HasanDavulcu--VioletSyrotiuk,N,Y,N,N,N
HasanDavulcu--HanghangTong,Y,N,N,Y,N
HasanDavulcu--KurtVanLehn,N,Y,N,N,N
HasanDavulcu--JReneVillalobos,N,N,N,N,N
HasanDavulcu--SarmaVrudhula,N,N,N,N,N
HasanDavulcu--ErinWalker,N,Y,N,N,N
HasanDavulcu--CaroleJeanWu,N,Y,N,N,N
HasanDavulcu--TeresaWu,N,Y,N,N,N
HasanDavulcu--GuoliangXue,N,Y,N,N,N
HasanDavulcu--YezhouYang,N,N,N,N,N
HasanDavulcu--StephenSYau,N,N,N,N,N
AdamDoupe--GeorgiosFainekos,N,Y,N,Y,N
AdamDoupe--AshrafGaffar,N,N,N,N,N
AdamDoupe--KevinGary,N,N,N,N,N
AdamDoupe--EsmaGel,N,N,N,N,N
AdamDoupe--JavierGonzalezSanchez,N,N,N,N,N
AdamDoupe--SandeepGupta,N,N,N,Y,N
AdamDoupe--DianneHansford,N,Y,N,N,N
AdamDoupe--JingruiHe,N,Y,N,N,N
AdamDoupe--DijiangHuang,Y,N,N,N,N
AdamDoupe--SubbaraoKambhampati,N,Y,N,N,N
AdamDoupe--JoohyungLee,N,N,N,N,N
AdamDoupe--YannHangLee,N,N,N,N,N
AdamDoupe--BaoxinLi,N,Y,N,N,N
AdamDoupe--TimLindquist,N,Y,N,N,N
AdamDoupe--RossMaciejewski,N,N,N,N,N
AdamDoupe--RyanMeuth,N,Y,N,N,N
AdamDoupe--PituMirchandani,N,Y,N,N,N
AdamDoupe--BrianNelson,N,Y,N,N,N
AdamDoupe--RongPan,N,N,N,N,N
AdamDoupe--SethuramanPanchanathan,N,N,N,N,N
AdamDoupe--PaoloPapotti,N,N,N,N,N
AdamDoupe--GiuliaPedrielli,N,N,N,N,N
AdamDoupe--FengboRen,N,N,N,N,N
AdamDoupe--AndreaWRicha,N,N,N,N,N
AdamDoupe--GeorgeRunger,N,Y,N,N,N
AdamDoupe--HessamSarjoughian,N,Y,N,N,N
AdamDoupe--MohamedSarwat,N,Y,N,N,N
AdamDoupe--ArunabhaSen,N,N,N,N,N
AdamDoupe--PauloShakarian,Y,N,Y,Y,Y
AdamDoupe--AviralShrivastava,N,Y,N,N,N
AdamDoupe--DanShunk,N,Y,N,N,N
AdamDoupe--VioletSyrotiuk,N,N,N,N,N
AdamDoupe--HanghangTong,N,Y,N,N,N
AdamDoupe--KurtVanLehn,N,N,N,N,N
AdamDoupe--JReneVillalobos,N,N,N,N,N
AdamDoupe--SarmaVrudhula,N,Y,N,N,N
AdamDoupe--ErinWalker,N,N,N,N,N
AdamDoupe--CaroleJeanWu,N,N,N,N,N
AdamDoupe--TeresaWu,N,N,N,N,N
AdamDoupe--GuoliangXue,Y,N,Y,Y,Y
AdamDoupe--YezhouYang,N,N,N,N,N
AdamDoupe--StephenSYau,Y,N,Y,Y,Y
GeorgiosFainekos--AshrafGaffar,N,Y,N,N,N
GeorgiosFainekos--KevinGary,N,N,N,N,N
GeorgiosFainekos--EsmaGel,N,Y,N,N,N
GeorgiosFainekos--JavierGonzalezSanchez,N,N,N,N,N
GeorgiosFainekos--SandeepGupta,N,Y,N,Y,N
GeorgiosFainekos--DianneHansford,N,Y,N,N,N
GeorgiosFainekos--JingruiHe,N,Y,N,N,N
GeorgiosFainekos--DijiangHuang,N,N,N,N,N
GeorgiosFainekos--SubbaraoKambhampati,N,N,N,N,N
GeorgiosFainekos--JoohyungLee,N,N,N,N,N
GeorgiosFainekos--YannHangLee,Y,Y,N,N,N
GeorgiosFainekos--BaoxinLi,N,N,N,N,N
GeorgiosFainekos--TimLindquist,N,N,N,N,N
GeorgiosFainekos--RossMaciejewski,N,N,N,N,N
GeorgiosFainekos--RyanMeuth,N,N,N,N,N
GeorgiosFainekos--PituMirchandani,N,Y,N,N,N
GeorgiosFainekos--BrianNelson,N,Y,N,N,N
GeorgiosFainekos--RongPan,N,Y,N,N,N
GeorgiosFainekos--SethuramanPanchanathan,N,N,N,N,N
GeorgiosFainekos--PaoloPapotti,N,N,N,N,N
GeorgiosFainekos--GiuliaPedrielli,N,Y,N,N,N
GeorgiosFainekos--FengboRen,N,Y,N,N,N
GeorgiosFainekos--AndreaWRicha,N,Y,N,N,N
GeorgiosFainekos--GeorgeRunger,N,Y,N,N,N
GeorgiosFainekos--HessamSarjoughian,N,Y,N,N,N
GeorgiosFainekos--MohamedSarwat,N,Y,N,N,N
GeorgiosFainekos--ArunabhaSen,N,N,N,N,N
GeorgiosFainekos--PauloShakarian,N,Y,N,N,N
GeorgiosFainekos--AviralShrivastava,N,Y,N,Y,N
GeorgiosFainekos--DanShunk,N,N,N,N,N
GeorgiosFainekos--VioletSyrotiuk,N,Y,N,N,N
GeorgiosFainekos--HanghangTong,N,Y,N,N,N
GeorgiosFainekos--KurtVanLehn,N,Y,N,N,N
GeorgiosFainekos--JReneVillalobos,N,Y,N,N,N
GeorgiosFainekos--SarmaVrudhula,N,N,N,N,N
GeorgiosFainekos--ErinWalker,Y,N,N,N,N
GeorgiosFainekos--CaroleJeanWu,N,N,N,N,N
GeorgiosFainekos--TeresaWu,N,Y,N,N,N
GeorgiosFainekos--GuoliangXue,N,N,N,N,N
GeorgiosFainekos--YezhouYang,N,N,N,N,N
GeorgiosFainekos--StephenSYau,N,Y,N,Y,N
AshrafGaffar--KevinGary,N,N,N,Y,N
AshrafGaffar--EsmaGel,N,N,N,N,N
AshrafGaffar--JavierGonzalezSanchez,Y,Y,Y,Y,Y
AshrafGaffar--SandeepGupta,N,N,N,N,N
AshrafGaffar--DianneHansford,N,N,N,N,N
AshrafGaffar--JingruiHe,N,N,N,N,N
AshrafGaffar--DijiangHuang,N,Y,N,N,N
AshrafGaffar--SubbaraoKambhampati,N,N,N,N,N
AshrafGaffar--JoohyungLee,N,N,N,N,N
AshrafGaffar--YannHangLee,N,N,N,N,N
AshrafGaffar--BaoxinLi,N,Y,N,N,N
AshrafGaffar--TimLindquist,N,N,N,N,N
AshrafGaffar--RossMaciejewski,N,N,Y,N,N
AshrafGaffar--RyanMeuth,N,N,Y,N,N
AshrafGaffar--PituMirchandani,N,Y,N,N,N
AshrafGaffar--BrianNelson,N,N,Y,N,N
AshrafGaffar--RongPan,N,N,N,N,N
AshrafGaffar--SethuramanPanchanathan,Y,Y,Y,N,Y
AshrafGaffar--PaoloPapotti,N,N,N,N,N
AshrafGaffar--GiuliaPedrielli,N,Y,N,N,N
AshrafGaffar--FengboRen,N,Y,N,N,N
AshrafGaffar--AndreaWRicha,N,N,N,N,N
AshrafGaffar--GeorgeRunger,N,Y,N,N,N
AshrafGaffar--HessamSarjoughian,N,Y,N,N,N
AshrafGaffar--MohamedSarwat,N,N,N,N,N
AshrafGaffar--ArunabhaSen,N,N,N,N,N
AshrafGaffar--PauloShakarian,N,N,N,N,N
AshrafGaffar--AviralShrivastava,N,Y,N,N,N
AshrafGaffar--DanShunk,N,N,N,N,N
AshrafGaffar--VioletSyrotiuk,N,Y,N,N,N
AshrafGaffar--HanghangTong,N,Y,N,N,N
AshrafGaffar--KurtVanLehn,N,Y,N,N,N
AshrafGaffar--JReneVillalobos,N,Y,N,N,N
AshrafGaffar--SarmaVrudhula,N,Y,N,N,N
AshrafGaffar--ErinWalker,N,Y,Y,N,N
AshrafGaffar--CaroleJeanWu,N,Y,N,N,N
AshrafGaffar--TeresaWu,N,Y,N,N,N
AshrafGaffar--GuoliangXue,N,N,N,N,N
AshrafGaffar--YezhouYang,N,Y,N,N,N
AshrafGaffar--StephenSYau,N,N,N,N,N
KevinGary--EsmaGel,N,Y,N,N,N
KevinGary--JavierGonzalezSanchez,Y,Y,N,N,N
KevinGary--SandeepGupta,N,N,N,N,N
KevinGary--DianneHansford,N,Y,N,N,N
KevinGary--JingruiHe,N,Y,N,N,N
KevinGary--DijiangHuang,N,Y,N,N,N
KevinGary--SubbaraoKambhampati,N,Y,N,N,N
KevinGary--JoohyungLee,N,N,N,N,N
KevinGary--YannHangLee,N,N,N,N,N
KevinGary--BaoxinLi,N,Y,N,N,N
KevinGary--TimLindquist,Y,Y,N,N,N
KevinGary--RossMaciejewski,N,Y,N,N,N
KevinGary--RyanMeuth,Y,N,N,N,N
KevinGary--PituMirchandani,N,Y,N,N,N
KevinGary--BrianNelson,Y,N,N,N,N
KevinGary--RongPan,N,Y,N,N,N
KevinGary--SethuramanPanchanathan,N,N,N,N,N
KevinGary--PaoloPapotti,N,N,N,N,N
KevinGary--GiuliaPedrielli,N,Y,N,N,N
KevinGary--FengboRen,N,N,N,N,N
KevinGary--AndreaWRicha,N,N,N,N,N
KevinGary--GeorgeRunger,N,N,N,N,N
KevinGary--HessamSarjoughian,N,N,N,N,N
KevinGary--MohamedSarwat,N,Y,N,N,N
KevinGary--ArunabhaSen,N,N,N,N,N
KevinGary--PauloShakarian,N,Y,N,N,N
KevinGary--AviralShrivastava,N,Y,N,N,N
KevinGary--DanShunk,N,N,N,Y,N
KevinGary--VioletSyrotiuk,N,Y,N,N,N
KevinGary--HanghangTong,N,N,N,N,N
KevinGary--KurtVanLehn,Y,Y,N,N,N
KevinGary--JReneVillalobos,N,Y,N,N,N
KevinGary--SarmaVrudhula,N,Y,N,N,N
KevinGary--ErinWalker,Y,N,Y,N,N
KevinGary--CaroleJeanWu,N,N,N,N,N
KevinGary--TeresaWu,N,Y,N,Y,N
KevinGary--GuoliangXue,N,Y,N,N,N
KevinGary--YezhouYang,N,N,N,N,N
KevinGary--StephenSYau,Y,N,N,N,N
EsmaGel--JavierGonzalezSanchez,N,N,N,N,N
EsmaGel--SandeepGupta,N,N,N,N,N
EsmaGel--DianneHansford,N,N,N,N,N
EsmaGel--JingruiHe,N,N,N,N,N
EsmaGel--DijiangHuang,N,N,N,N,N
EsmaGel--SubbaraoKambhampati,N,Y,N,N,N
EsmaGel--JoohyungLee,N,Y,N,N,N
EsmaGel--YannHangLee,N,Y,N,N,N
EsmaGel--BaoxinLi,N,Y,N,N,N
EsmaGel--TimLindquist,N,Y,N,N,N
EsmaGel--RossMaciejewski,N,N,N,N,N
EsmaGel--RyanMeuth,N,N,N,N,N
EsmaGel--PituMirchandani,N,Y,Y,N,N
EsmaGel--BrianNelson,N,N,N,Y,N
EsmaGel--RongPan,N,Y,N,N,N
EsmaGel--SethuramanPanchanathan,N,Y,N,N,N
EsmaGel--PaoloPapotti,N,N,N,N,N
EsmaGel--GiuliaPedrielli,Y,Y,Y,Y,Y
EsmaGel--FengboRen,N,N,N,N,N
EsmaGel--AndreaWRicha,N,Y,N,N,N
EsmaGel--GeorgeRunger,N,N,Y,N,N
EsmaGel--HessamSarjoughian,N,N,N,N,N
EsmaGel--MohamedSarwat,N,N,N,N,N
EsmaGel--ArunabhaSen,N,N,N,N,N
EsmaGel--PauloShakarian,N,N,N,N,N
EsmaGel--AviralShrivastava,N,N,N,N,N
EsmaGel--DanShunk,N,Y,N,N,N
EsmaGel--VioletSyrotiuk,N,Y,N,N,N
EsmaGel--HanghangTong,N,Y,N,N,N
EsmaGel--KurtVanLehn,N,Y,N,N,N
EsmaGel--JReneVillalobos,Y,Y,Y,N,Y
EsmaGel--SarmaVrudhula,N,Y,N,N,N
EsmaGel--ErinWalker,N,Y,N,N,N
EsmaGel--CaroleJeanWu,N,N,N,N,N
EsmaGel--TeresaWu,N,N,N,N,N
EsmaGel--GuoliangXue,N,N,N,N,N
EsmaGel--YezhouYang,N,N,N,N,N
EsmaGel--StephenSYau,N,N,N,N,N
JavierGonzalezSanchez--SandeepGupta,N,N,N,N,N
JavierGonzalezSanchez--DianneHansford,N,Y,N,N,N
JavierGonzalezSanchez--JingruiHe,N,Y,N,N,N
JavierGonzalezSanchez--DijiangHuang,N,N,N,N,N
JavierGonzalezSanchez--SubbaraoKambhampati,N,Y,N,N,N
JavierGonzalezSanchez--JoohyungLee,N,N,N,N,N
JavierGonzalezSanchez--YannHangLee,N,N,N,N,N
JavierGonzalezSanchez--BaoxinLi,N,N,N,N,N
JavierGonzalezSanchez--TimLindquist,Y,Y,N,Y,Y
JavierGonzalezSanchez--RossMaciejewski,N,Y,N,N,N
JavierGonzalezSanchez--RyanMeuth,N,Y,N,N,N
JavierGonzalezSanchez--PituMirchandani,N,N,N,N,N
JavierGonzalezSanchez--BrianNelson,N,Y,N,N,N
JavierGonzalezSanchez--RongPan,N,Y,N,N,N
JavierGonzalezSanchez--SethuramanPanchanathan,Y,N,Y,N,N
JavierGonzalezSanchez--PaoloPapotti,N,Y,N,N,N
JavierGonzalezSanchez--GiuliaPedrielli,N,N,N,N,N
JavierGonzalezSanchez--FengboRen,N,N,N,N,N
JavierGonzalezSanchez--AndreaWRicha,N,N,N,N,N
JavierGonzalezSanchez--GeorgeRunger,N,N,N,N,N
JavierGonzalezSanchez--HessamSarjoughian,N,Y,N,N,N
JavierGonzalezSanchez--MohamedSarwat,N,N,N,N,N
JavierGonzalezSanchez--ArunabhaSen,N,Y,N,N,N
JavierGonzalezSanchez--PauloShakarian,N,Y,N,N,N
JavierGonzalezSanchez--AviralShrivastava,N,N,N,N,N
JavierGonzalezSanchez--DanShunk,N,Y,N,N,N
JavierGonzalezSanchez--VioletSyrotiuk,N,Y,N,N,N
JavierGonzalezSanchez--HanghangTong,N,Y,N,N,N
JavierGonzalezSanchez--KurtVanLehn,N,N,Y,N,N
JavierGonzalezSanchez--JReneVillalobos,N,N,N,N,N
JavierGonzalezSanchez--SarmaVrudhula,N,Y,N,N,N
JavierGonzalezSanchez--ErinWalker,N,N,Y,N,N
JavierGonzalezSanchez--CaroleJeanWu,N,Y,N,N,N
JavierGonzalezSanchez--TeresaWu,N,Y,N,N,N
JavierGonzalezSanchez--GuoliangXue,N,N,N,N,N
JavierGonzalezSanchez--YezhouYang,N,N,Y,N,N
JavierGonzalezSanchez--StephenSYau,Y,N,N,N,N
SandeepGupta--DianneHansford,N,N,N,N,N
SandeepGupta--JingruiHe,N,N,N,N,N
SandeepGupta--DijiangHuang,N,N,N,Y,N
SandeepGupta--SubbaraoKambhampati,N,Y,N,N,N
SandeepGupta--JoohyungLee,N,N,N,N,N
SandeepGupta--YannHangLee,Y,N,Y,N,N
SandeepGupta--BaoxinLi,N,N,N,N,N
SandeepGupta--TimLindquist,N,N,Y,N,N
SandeepGupta--RossMaciejewski,N,N,N,N,N
SandeepGupta--RyanMeuth,N,N,N,N,N
SandeepGupta--PituMirchandani,N,N,N,N,N
SandeepGupta--BrianNelson,N,N,N,N,N
SandeepGupta--RongPan,N,N,N,N,N
SandeepGupta--SethuramanPanchanathan,Y,Y,N,Y,Y
SandeepGupta--PaoloPapotti,N,N,N,N,N
SandeepGupta--GiuliaPedrielli,N,Y,N,N,N
SandeepGupta--FengboRen,N,Y,N,N,N
SandeepGupta--AndreaWRicha,N,N,Y,N,N
SandeepGupta--GeorgeRunger,N,N,N,N,N
SandeepGupta--HessamSarjoughian,N,Y,N,N,N
SandeepGupta--MohamedSarwat,N,N,N,N,N
SandeepGupta--ArunabhaSen,Y,N,N,Y,N
SandeepGupta--PauloShakarian,N,N,N,N,N
SandeepGupta--AviralShrivastava,Y,N,N,N,N
SandeepGupta--DanShunk,N,N,N,N,N
SandeepGupta--VioletSyrotiuk,N,Y,N,Y,N
SandeepGupta--HanghangTong,N,N,N,N,N
SandeepGupta--KurtVanLehn,N,N,N,N,N
SandeepGupta--JReneVillalobos,N,N,N,N,N
SandeepGupta--SarmaVrudhula,N,N,N,N,N
SandeepGupta--ErinWalker,N,N,N,N,N
SandeepGupta--CaroleJeanWu,N,Y,N,N,N
SandeepGupta--TeresaWu,N,Y,N,N,N
SandeepGupta--GuoliangXue,N,N,N,N,N
SandeepGupta--YezhouYang,N,N,Y,N,N
SandeepGupta--StephenSYau,Y,N,N,Y,N
DianneHansford--JingruiHe,N,Y,N,N,N
DianneHansford--DijiangHuang,N,Y,N,N,N
DianneHansford--SubbaraoKambhampati,N,Y,N,N,N
DianneHansford--JoohyungLee,N,N,N,N,N
DianneHansford--YannHangLee,N,N,N,N,N
DianneHansford--BaoxinLi,N,Y,N,N,N
DianneHansford--TimLindquist,N,Y,N,N,N
DianneHansford--RossMaciejewski,Y,Y,N,N,N
DianneHansford--RyanMeuth,N,Y,N,N,N
DianneHansford--PituMirchandani,N,Y,N,N,N
DianneHansford--BrianNelson,N,N,N,N,N
DianneHansford--RongPan,N,N,N,N,N
DianneHansford--SethuramanPanchanathan,N,Y,N,N,N
DianneHansford--PaoloPapotti,N,N,N,N,N
DianneHansford--GiuliaPedrielli,N,N,N,N,N
DianneHansford--FengboRen,N,Y,N,N,N
DianneHansford--AndreaWRicha,N,Y,N,N,N
DianneHansford--GeorgeRunger,N,N,N,N,N
DianneHansford--HessamSarjoughian,N,Y,N,N,N
DianneHansford--MohamedSarwat,N,N,N,N,N
DianneHansford--ArunabhaSen,N,N,N,N,N
DianneHansford--PauloShakarian,N,N,N,N,N
DianneHansford--AviralShrivastava,N,N,N,N,N
DianneHansford--DanShunk,N,N,N,N,N
DianneHansford--VioletSyrotiuk,N,Y,N,N,N
DianneHansford--HanghangTong,N,N,N,N,N
DianneHansford--KurtVanLehn,N,Y,N,N,N
DianneHansford--JReneVillalobos,N,N,N,N,N
DianneHansford--SarmaVrudhula,N,N,N,N,N
DianneHansford--ErinWalker,N,N,N,N,N
DianneHansford--CaroleJeanWu,N,N,N,N,N
DianneHansford--TeresaWu,N,N,N,N,N
DianneHansford--GuoliangXue,N,N,N,N,N
DianneHansford--YezhouYang,N,N,N,N,N
DianneHansford--StephenSYau,N,N,N,N,N
JingruiHe--DijiangHuang,N,Y,N,N,N
JingruiHe--SubbaraoKambhampati,N,Y,N,Y,N
JingruiHe--JoohyungLee,N,N,N,N,N
JingruiHe--YannHangLee,N,Y,N,N,N
JingruiHe--BaoxinLi,N,N,N,Y,N
JingruiHe--TimLindquist,N,N,N,N,N
JingruiHe--RossMaciejewski,N,N,N,N,N
JingruiHe--RyanMeuth,N,N,N,N,N
JingruiHe--PituMirchandani,N,N,N,N,N
JingruiHe--BrianNelson,N,Y,N,Y,N
JingruiHe--RongPan,N,N,N,N,N
JingruiHe--SethuramanPanchanathan,N,N,N,N,N
JingruiHe--PaoloPapotti,N,N,N,N,N
JingruiHe--GiuliaPedrielli,N,N,N,N,N
JingruiHe--FengboRen,N,N,N,N,N
JingruiHe--AndreaWRicha,N,N,N,N,N
JingruiHe--GeorgeRunger,Y,N,N,Y,N
JingruiHe--HessamSarjoughian,N,N,N,N,N
JingruiHe--MohamedSarwat,N,Y,N,N,N
JingruiHe--ArunabhaSen,N,N,N,N,N
JingruiHe--PauloShakarian,N,Y,N,N,N
JingruiHe--AviralShrivastava,N,Y,N,N,N
JingruiHe--DanShunk,N,Y,N,N,N
JingruiHe--VioletSyrotiuk,N,Y,N,N,N
JingruiHe--HanghangTong,Y,Y,N,Y,Y
JingruiHe--KurtVanLehn,N,Y,N,Y,N
JingruiHe--JReneVillalobos,N,N,N,N,N
JingruiHe--SarmaVrudhula,N,Y,N,N,N
JingruiHe--ErinWalker,N,N,N,Y,N
JingruiHe--CaroleJeanWu,N,N,N,N,N
JingruiHe--TeresaWu,N,Y,N,N,N
JingruiHe--GuoliangXue,N,N,N,N,N
JingruiHe--YezhouYang,N,N,N,N,N
JingruiHe--StephenSYau,N,N,N,N,N
DijiangHuang--SubbaraoKambhampati,N,N,N,N,N
DijiangHuang--JoohyungLee,N,N,N,N,N
DijiangHuang--YannHangLee,N,Y,N,N,N
DijiangHuang--BaoxinLi,N,N,N,N,N
DijiangHuang--TimLindquist,N,Y,N,N,N
DijiangHuang--RossMaciejewski,N,N,N,N,N
DijiangHuang--RyanMeuth,N,Y,N,N,N
DijiangHuang--PituMirchandani,N,N,N,N,N
DijiangHuang--BrianNelson,N,N,N,N,N
DijiangHuang--RongPan,N,Y,N,N,N
DijiangHuang--SethuramanPanchanathan,N,Y,N,Y,N
DijiangHuang--PaoloPapotti,N,Y,N,N,N
DijiangHuang--GiuliaPedrielli,N,Y,N,N,N
DijiangHuang--FengboRen,N,N,N,N,N
DijiangHuang--AndreaWRicha,N,Y,N,Y,N
DijiangHuang--GeorgeRunger,N,N,N,N,N
DijiangHuang--HessamSarjoughian,N,N,N,N,N
DijiangHuang--MohamedSarwat,N,N,N,N,N
DijiangHuang--ArunabhaSen,N,Y,N,Y,N
DijiangHuang--PauloShakarian,Y,N,N,N,N
DijiangHuang--AviralShrivastava,N,N,N,N,N
DijiangHuang--DanShunk,N,N,N,N,N
DijiangHuang--VioletSyrotiuk,N,N,N,Y,N
DijiangHuang--HanghangTong,N,Y,N,N,N
DijiangHuang--KurtVanLehn,N,Y,N,N,N
DijiangHuang--JReneVillalobos,N,Y,N,N,N
DijiangHuang--SarmaVrudhula,N,Y,N,N,N
DijiangHuang--ErinWalker,N,Y,N,N,N
DijiangHuang--CaroleJeanWu,N,N,N,N,N
DijiangHuang--TeresaWu,N,Y,N,N,N
DijiangHuang--GuoliangXue,Y,N,N,N,N
DijiangHuang--YezhouYang,N,N,N,N,N
DijiangHuang--StephenSYau,Y,N,N,N,N
SubbaraoKambhampati--JoohyungLee,N,Y,N,N,N
SubbaraoKambhampati--YannHangLee,N,N,N,N,N
SubbaraoKambhampati--BaoxinLi,N,Y,N,N,N
SubbaraoKambhampati--TimLindquist,N,Y,N,N,N
SubbaraoKambhampati--RossMaciejewski,N,Y,N,N,N
SubbaraoKambhampati--RyanMeuth,N,Y,N,N,N
SubbaraoKambhampati--PituMirchandani,N,Y,N,N,N
SubbaraoKambhampati--BrianNelson,N,Y,N,N,N
SubbaraoKambhampati--RongPan,N,N,N,N,N
SubbaraoKambhampati--SethuramanPanchanathan,N,N,N,N,N
SubbaraoKambhampati--PaoloPapotti,N,Y,N,N,N
SubbaraoKambhampati--GiuliaPedrielli,N,N,N,N,N
SubbaraoKambhampati--FengboRen,Y,Y,N,N,N
SubbaraoKambhampati--AndreaWRicha,N,N,N,N,N
SubbaraoKambhampati--GeorgeRunger,Y,Y,N,N,N
SubbaraoKambhampati--HessamSarjoughian,N,N,N,N,N
SubbaraoKambhampati--MohamedSarwat,N,Y,N,N,N
SubbaraoKambhampati--ArunabhaSen,N,Y,N,N,N
SubbaraoKambhampati--PauloShakarian,N,Y,N,N,N
SubbaraoKambhampati--AviralShrivastava,N,Y,N,N,N
SubbaraoKambhampati--DanShunk,N,Y,N,N,N
SubbaraoKambhampati--VioletSyrotiuk,N,Y,N,N,N
SubbaraoKambhampati--HanghangTong,Y,Y,N,N,N
SubbaraoKambhampati--KurtVanLehn,N,N,N,N,N
SubbaraoKambhampati--JReneVillalobos,N,Y,N,N,N
SubbaraoKambhampati--SarmaVrudhula,N,N,N,N,N
SubbaraoKambhampati--ErinWalker,N,Y,N,N,N
SubbaraoKambhampati--CaroleJeanWu,N,Y,N,N,N
SubbaraoKambhampati--TeresaWu,N,Y,N,N,N
SubbaraoKambhampati--GuoliangXue,N,N,N,N,N
SubbaraoKambhampati--YezhouYang,N,N,N,N,N
SubbaraoKambhampati--StephenSYau,N,N,N,N,N
JoohyungLee--YannHangLee,N,Y,N,N,N
JoohyungLee--BaoxinLi,N,N,N,N,N
JoohyungLee--TimLindquist,N,N,N,N,N
JoohyungLee--RossMaciejewski,N,N,N,N,N
JoohyungLee--RyanMeuth,N,N,N,N,N
JoohyungLee--PituMirchandani,N,N,N,N,N
JoohyungLee--BrianNelson,N,Y,N,N,N
JoohyungLee--RongPan,N,Y,N,N,N
JoohyungLee--SethuramanPanchanathan,N,N,N,N,N
JoohyungLee--PaoloPapotti,N,Y,N,N,N
JoohyungLee--GiuliaPedrielli,N,N,N,N,N
JoohyungLee--FengboRen,N,N,N,N,N
JoohyungLee--AndreaWRicha,N,N,N,N,N
JoohyungLee--GeorgeRunger,N,N,N,N,N
JoohyungLee--HessamSarjoughian,N,Y,N,N,N
JoohyungLee--MohamedSarwat,N,N,N,N,N
JoohyungLee--ArunabhaSen,N,N,N,N,N
JoohyungLee--PauloShakarian,N,Y,N,N,N
JoohyungLee--AviralShrivastava,N,Y,N,N,N
JoohyungLee--DanShunk,N,Y,N,N,N
JoohyungLee--VioletSyrotiuk,N,N,N,N,N
JoohyungLee--HanghangTong,N,Y,N,N,N
JoohyungLee--KurtVanLehn,N,N,N,N,N
JoohyungLee--JReneVillalobos,N,Y,N,N,N
JoohyungLee--SarmaVrudhula,N,N,N,N,N
JoohyungLee--ErinWalker,N,Y,N,N,N
JoohyungLee--CaroleJeanWu,N,N,N,N,N
JoohyungLee--TeresaWu,N,Y,N,N,N
JoohyungLee--GuoliangXue,N,Y,N,N,N
JoohyungLee--YezhouYang,N,N,N,N,N
JoohyungLee--StephenSYau,N,N,N,N,N
YannHangLee--BaoxinLi,N,Y,N,N,N
YannHangLee--TimLindquist,N,N,N,N,N
YannHangLee--RossMaciejewski,N,N,N,N,N
YannHangLee--RyanMeuth,N,N,N,N,N
YannHangLee--PituMirchandani,N,Y,N,N,N
YannHangLee--BrianNelson,N,N,N,N,N
YannHangLee--RongPan,N,N,N,N,N
YannHangLee--SethuramanPanchanathan,N,Y,N,N,N
YannHangLee--PaoloPapotti,N,Y,N,N,N
YannHangLee--GiuliaPedrielli,N,N,N,N,N
YannHangLee--FengboRen,N,N,N,N,N
YannHangLee--AndreaWRicha,N,N,N,N,N
YannHangLee--GeorgeRunger,N,N,N,N,N
YannHangLee--HessamSarjoughian,N,Y,N,N,N
YannHangLee--MohamedSarwat,N,N,N,N,N
YannHangLee--ArunabhaSen,N,N,N,N,N
YannHangLee--PauloShakarian,N,Y,N,N,N
YannHangLee--AviralShrivastava,N,N,N,Y,N
YannHangLee--DanShunk,N,N,N,N,N
YannHangLee--VioletSyrotiuk,N,N,N,N,N
YannHangLee--HanghangTong,N,N,N,N,N
YannHangLee--KurtVanLehn,N,N,N,N,N
YannHangLee--JReneVillalobos,N,N,N,N,N
YannHangLee--SarmaVrudhula,N,Y,N,N,N
YannHangLee--ErinWalker,N,Y,N,N,N
YannHangLee--CaroleJeanWu,N,Y,N,N,N
YannHangLee--TeresaWu,N,Y,N,N,N
YannHangLee--GuoliangXue,N,N,N,N,N
YannHangLee--YezhouYang,N,N,N,N,N
YannHangLee--StephenSYau,N,N,N,N,N
BaoxinLi--TimLindquist,N,N,N,N,N
BaoxinLi--RossMaciejewski,N,Y,N,N,N
BaoxinLi--RyanMeuth,N,N,N,N,N
BaoxinLi--PituMirchandani,N,N,N,N,N
BaoxinLi--BrianNelson,N,Y,N,N,N
BaoxinLi--RongPan,N,N,N,N,N
BaoxinLi--SethuramanPanchanathan,N,Y,N,N,N
BaoxinLi--PaoloPapotti,N,N,N,N,N
BaoxinLi--GiuliaPedrielli,N,N,N,N,N
BaoxinLi--FengboRen,Y,N,N,N,N
BaoxinLi--AndreaWRicha,N,Y,N,N,N
BaoxinLi--GeorgeRunger,Y,N,N,N,N
BaoxinLi--HessamSarjoughian,N,Y,N,N,N
BaoxinLi--MohamedSarwat,N,Y,N,N,N
BaoxinLi--ArunabhaSen,N,N,N,N,N
BaoxinLi--PauloShakarian,N,N,N,N,N
BaoxinLi--AviralShrivastava,N,Y,N,N,N
BaoxinLi--DanShunk,N,N,N,N,N
BaoxinLi--VioletSyrotiuk,N,N,N,N,N
BaoxinLi--HanghangTong,N,N,Y,N,N
BaoxinLi--KurtVanLehn,N,N,N,Y,N
BaoxinLi--JReneVillalobos,N,N,N,N,N
BaoxinLi--SarmaVrudhula,N,Y,N,N,N
BaoxinLi--ErinWalker,N,Y,N,N,N
BaoxinLi--CaroleJeanWu,N,N,N,N,N
BaoxinLi--TeresaWu,N,N,N,N,N
BaoxinLi--GuoliangXue,N,N,N,N,N
BaoxinLi--YezhouYang,N,N,N,Y,N
BaoxinLi--StephenSYau,N,N,N,N,N
TimLindquist--RossMaciejewski,N,N,N,N,N
TimLindquist--RyanMeuth,N,Y,N,N,N
TimLindquist--PituMirchandani,N,N,N,N,N
TimLindquist--BrianNelson,N,Y,N,N,N
TimLindquist--RongPan,N,N,N,N,N
TimLindquist--SethuramanPanchanathan,N,N,N,N,N
TimLindquist--PaoloPapotti,N,N,N,N,N
TimLindquist--GiuliaPedrielli,N,N,N,N,N
TimLindquist--FengboRen,N,N,N,N,N
TimLindquist--AndreaWRicha,N,N,N,N,N
TimLindquist--GeorgeRunger,N,N,N,N,N
TimLindquist--HessamSarjoughian,N,Y,N,N,N
TimLindquist--MohamedSarwat,N,Y,N,N,N
TimLindquist--ArunabhaSen,N,N,N,N,N
TimLindquist--PauloShakarian,N,Y,N,N,N
TimLindquist--AviralShrivastava,N,Y,N,N,N
TimLindquist--DanShunk,N,Y,N,N,N
TimLindquist--VioletSyrotiuk,N,N,N,N,N
TimLindquist--HanghangTong,N,N,N,N,N
TimLindquist--KurtVanLehn,N,Y,N,N,N
TimLindquist--JReneVillalobos,N,Y,N,N,N
TimLindquist--SarmaVrudhula,N,N,N,N,N
TimLindquist--ErinWalker,N,Y,N,N,N
TimLindquist--CaroleJeanWu,N,N,N,N,N
TimLindquist--TeresaWu,N,Y,N,N,N
TimLindquist--GuoliangXue,N,N,N,N,N
TimLindquist--YezhouYang,N,Y,N,N,N
TimLindquist--StephenSYau,Y,N,N,N,N
RossMaciejewski--RyanMeuth,N,Y,N,N,N
RossMaciejewski--PituMirchandani,N,N,N,N,N
RossMaciejewski--BrianNelson,N,N,N,N,N
RossMaciejewski--RongPan,N,N,N,N,N
RossMaciejewski--SethuramanPanchanathan,N,N,N,N,N
RossMaciejewski--PaoloPapotti,N,N,N,N,N
RossMaciejewski--GiuliaPedrielli,N,Y,N,N,N
RossMaciejewski--FengboRen,N,N,N,N,N
RossMaciejewski--AndreaWRicha,N,Y,N,N,N
RossMaciejewski--GeorgeRunger,N,Y,N,N,N
RossMaciejewski--HessamSarjoughian,N,Y,N,N,N
RossMaciejewski--MohamedSarwat,N,Y,N,N,N
RossMaciejewski--ArunabhaSen,N,N,N,N,N
RossMaciejewski--PauloShakarian,N,Y,N,N,N
RossMaciejewski--AviralShrivastava,N,N,N,N,N
RossMaciejewski--DanShunk,N,Y,N,N,N
RossMaciejewski--VioletSyrotiuk,N,N,N,N,N
RossMaciejewski--HanghangTong,N,N,N,N,N
RossMaciejewski--KurtVanLehn,N,Y,N,N,N
RossMaciejewski--JReneVillalobos,N,N,N,N,N
RossMaciejewski--SarmaVrudhula,N,N,N,N,N
RossMaciejewski--ErinWalker,N,N,N,N,N
RossMaciejewski--CaroleJeanWu,N,N,N,N,N
RossMaciejewski--TeresaWu,Y,Y,N,N,N
RossMaciejewski--GuoliangXue,N,N,N,N,N
RossMaciejewski--YezhouYang,N,N,N,N,N
RossMaciejewski--StephenSYau,N,N,N,N,N
RyanMeuth--PituMirchandani,N,Y,N,N,N
RyanMeuth--BrianNelson,Y,Y,N,N,N
RyanMeuth--RongPan,N,N,N,N,N
RyanMeuth--SethuramanPanchanathan,N,Y,Y,N,N
RyanMeuth--PaoloPapotti,N,Y,N,N,N
RyanMeuth--GiuliaPedrielli,N,N,N,N,N
RyanMeuth--FengboRen,N,N,N,N,N
RyanMeuth--AndreaWRicha,N,Y,N,N,N
RyanMeuth--GeorgeRunger,N,N,N,N,N
RyanMeuth--HessamSarjoughian,N,N,N,N,N
RyanMeuth--MohamedSarwat,N,Y,N,N,N
RyanMeuth--ArunabhaSen,N,Y,N,N,N
RyanMeuth--PauloShakarian,N,Y,N,N,N
RyanMeuth--AviralShrivastava,N,Y,N,N,N
RyanMeuth--DanShunk,N,Y,N,N,N
RyanMeuth--VioletSyrotiuk,N,N,N,N,N
RyanMeuth--HanghangTong,N,N,N,N,N
RyanMeuth--KurtVanLehn,Y,Y,N,N,N
RyanMeuth--JReneVillalobos,N,Y,N,N,N
RyanMeuth--SarmaVrudhula,N,Y,N,N,N
RyanMeuth--ErinWalker,Y,N,Y,Y,Y
RyanMeuth--CaroleJeanWu,N,Y,N,N,N
RyanMeuth--TeresaWu,N,Y,N,N,N
RyanMeuth--GuoliangXue,N,N,N,N,N
RyanMeuth--YezhouYang,N,N,N,N,N
RyanMeuth--StephenSYau,N,N,N,N,N
PituMirchandani--BrianNelson,N,Y,N,N,N
PituMirchandani--RongPan,Y,Y,N,N,N
PituMirchandani--SethuramanPanchanathan,N,Y,N,N,N
PituMirchandani--PaoloPapotti,N,N,N,N,N
PituMirchandani--GiuliaPedrielli,N,Y,Y,N,N
PituMirchandani--FengboRen,N,N,N,N,N
PituMirchandani--AndreaWRicha,N,N,N,N,N
PituMirchandani--GeorgeRunger,N,N,Y,N,N
PituMirchandani--HessamSarjoughian,N,N,N,N,N
PituMirchandani--MohamedSarwat,N,Y,N,N,N
PituMirchandani--ArunabhaSen,N,N,N,N,N
PituMirchandani--PauloShakarian,N,Y,N,N,N
PituMirchandani--AviralShrivastava,N,N,N,N,N
PituMirchandani--DanShunk,N,Y,N,N,N
PituMirchandani--VioletSyrotiuk,N,Y,N,N,N
PituMirchandani--HanghangTong,N,Y,N,N,N
PituMirchandani--KurtVanLehn,N,N,N,N,N
PituMirchandani--JReneVillalobos,Y,Y,Y,N,Y
PituMirchandani--SarmaVrudhula,N,N,N,N,N
PituMirchandani--ErinWalker,N,N,N,N,N
PituMirchandani--CaroleJeanWu,N,Y,N,N,N
PituMirchandani--TeresaWu,N,N,N,N,N
PituMirchandani--GuoliangXue,N,Y,N,N,N
PituMirchandani--YezhouYang,N,N,N,N,N
PituMirchandani--StephenSYau,N,N,N,N,N
BrianNelson--RongPan,N,Y,N,N,N
BrianNelson--SethuramanPanchanathan,N,Y,Y,N,N
BrianNelson--PaoloPapotti,N,N,N,N,N
BrianNelson--GiuliaPedrielli,N,Y,N,N,N
BrianNelson--FengboRen,N,N,N,N,N
BrianNelson--AndreaWRicha,N,N,N,N,N
BrianNelson--GeorgeRunger,N,Y,N,N,N
BrianNelson--HessamSarjoughian,N,Y,N,N,N
BrianNelson--MohamedSarwat,N,N,N,N,N
BrianNelson--ArunabhaSen,N,N,N,N,N
BrianNelson--PauloShakarian,N,N,N,N,N
BrianNelson--AviralShrivastava,N,Y,N,N,N
BrianNelson--DanShunk,N,Y,N,N,N
BrianNelson--VioletSyrotiuk,N,N,N,N,N
BrianNelson--HanghangTong,N,Y,N,N,N
BrianNelson--KurtVanLehn,Y,N,N,N,N
BrianNelson--JReneVillalobos,N,N,N,N,N
BrianNelson--SarmaVrudhula,N,N,N,N,N
BrianNelson--ErinWalker,Y,Y,Y,Y,Y
BrianNelson--CaroleJeanWu,N,Y,N,N,N
BrianNelson--TeresaWu,N,Y,N,N,N
BrianNelson--GuoliangXue,N,N,N,N,N
BrianNelson--YezhouYang,N,N,N,N,N
BrianNelson--StephenSYau,N,N,N,N,N
RongPan--SethuramanPanchanathan,N,N,N,N,N
RongPan--PaoloPapotti,N,Y,N,N,N
RongPan--GiuliaPedrielli,N,N,N,N,N
RongPan--FengboRen,N,Y,N,N,N
RongPan--AndreaWRicha,N,N,N,N,N
RongPan--GeorgeRunger,N,Y,N,N,N
RongPan--HessamSarjoughian,N,N,N,N,N
RongPan--MohamedSarwat,N,N,N,N,N
RongPan--ArunabhaSen,N,Y,N,N,N
RongPan--PauloShakarian,N,N,N,N,N
RongPan--AviralShrivastava,N,Y,N,N,N
RongPan--DanShunk,N,N,N,N,N
RongPan--VioletSyrotiuk,N,N,N,N,N
RongPan--HanghangTong,N,Y,N,N,N
RongPan--KurtVanLehn,N,Y,N,N,N
RongPan--JReneVillalobos,N,Y,N,N,N
RongPan--SarmaVrudhula,N,N,N,N,N
RongPan--ErinWalker,N,N,N,N,N
RongPan--CaroleJeanWu,N,N,N,N,N
RongPan--TeresaWu,N,Y,N,N,N
RongPan--GuoliangXue,N,N,N,N,N
RongPan--YezhouYang,N,Y,N,N,N
RongPan--StephenSYau,N,N,N,N,N
SethuramanPanchanathan--PaoloPapotti,N,N,N,N,N
SethuramanPanchanathan--GiuliaPedrielli,N,N,N,N,N
SethuramanPanchanathan--FengboRen,N,Y,N,N,N
SethuramanPanchanathan--AndreaWRicha,N,Y,N,N,N
SethuramanPanchanathan--GeorgeRunger,N,N,N,N,N
SethuramanPanchanathan--HessamSarjoughian,N,Y,N,N,N
SethuramanPanchanathan--MohamedSarwat,N,Y,N,N,N
SethuramanPanchanathan--ArunabhaSen,N,N,N,N,N
SethuramanPanchanathan--PauloShakarian,N,Y,N,N,N
SethuramanPanchanathan--AviralShrivastava,N,N,N,N,N
SethuramanPanchanathan--DanShunk,N,N,N,N,N
SethuramanPanchanathan--VioletSyrotiuk,N,N,N,N,N
SethuramanPanchanathan--HanghangTong,N,N,N,N,N
SethuramanPanchanathan--KurtVanLehn,N,Y,Y,N,N
SethuramanPanchanathan--JReneVillalobos,N,N,N,N,N
SethuramanPanchanathan--SarmaVrudhula,N,N,N,N,N
SethuramanPanchanathan--ErinWalker,Y,Y,Y,Y,Y
SethuramanPanchanathan--CaroleJeanWu,N,Y,N,N,N
SethuramanPanchanathan--TeresaWu,N,Y,N,N,N
SethuramanPanchanathan--GuoliangXue,N,N,N,N,N
SethuramanPanchanathan--YezhouYang,N,N,N,N,N
SethuramanPanchanathan--StephenSYau,N,N,N,N,N
PaoloPapotti--GiuliaPedrielli,N,Y,N,N,N
PaoloPapotti--FengboRen,N,N,N,N,N
PaoloPapotti--AndreaWRicha,N,Y,N,N,N
PaoloPapotti--GeorgeRunger,Y,Y,N,N,N
PaoloPapotti--HessamSarjoughian,N,Y,N,N,N
PaoloPapotti--MohamedSarwat,Y,Y,N,N,N
PaoloPapotti--ArunabhaSen,N,Y,N,N,N
PaoloPapotti--PauloShakarian,N,N,N,N,N
PaoloPapotti--AviralShrivastava,N,N,N,N,N
PaoloPapotti--DanShunk,N,Y,N,N,N
PaoloPapotti--VioletSyrotiuk,N,Y,N,N,N
PaoloPapotti--HanghangTong,Y,Y,N,N,N
PaoloPapotti--KurtVanLehn,N,N,N,N,N
PaoloPapotti--JReneVillalobos,N,Y,N,N,N
PaoloPapotti--SarmaVrudhula,N,Y,N,N,N
PaoloPapotti--ErinWalker,N,N,N,N,N
PaoloPapotti--CaroleJeanWu,N,N,N,N,N
PaoloPapotti--TeresaWu,N,N,N,N,N
PaoloPapotti--GuoliangXue,N,N,N,N,N
PaoloPapotti--YezhouYang,N,N,N,N,N
PaoloPapotti--StephenSYau,N,N,N,N,N
GiuliaPedrielli--FengboRen,N,N,N,N,N
GiuliaPedrielli--AndreaWRicha,N,Y,N,N,N
GiuliaPedrielli--GeorgeRunger,N,N,Y,N,N
GiuliaPedrielli--HessamSarjoughian,N,N,N,N,N
GiuliaPedrielli--MohamedSarwat,N,Y,N,N,N
GiuliaPedrielli--ArunabhaSen,N,N,N,N,N
GiuliaPedrielli--PauloShakarian,N,N,N,N,N
GiuliaPedrielli--AviralShrivastava,N,N,N,N,N
GiuliaPedrielli--DanShunk,N,Y,N,N,N
GiuliaPedrielli--VioletSyrotiuk,N,N,N,N,N
GiuliaPedrielli--HanghangTong,N,N,N,N,N
GiuliaPedrielli--KurtVanLehn,N,Y,N,Y,N
GiuliaPedrielli--JReneVillalobos,N,Y,Y,N,N
GiuliaPedrielli--SarmaVrudhula,N,Y,N,N,N
GiuliaPedrielli--ErinWalker,N,N,N,Y,N
GiuliaPedrielli--CaroleJeanWu,N,N,N,N,N
GiuliaPedrielli--TeresaWu,N,N,N,N,N
GiuliaPedrielli--GuoliangXue,N,Y,N,N,N
GiuliaPedrielli--YezhouYang,N,N,N,N,N
GiuliaPedrielli--StephenSYau,N,N,N,N,N
FengboRen--AndreaWRicha,N,N,N,N,N
FengboRen--GeorgeRunger,N,Y,N,N,N
FengboRen--HessamSarjoughian,N,Y,N,N,N
FengboRen--MohamedSarwat,N,N,N,N,N
FengboRen--ArunabhaSen,N,N,N,N,N
FengboRen--PauloShakarian,N,Y,N,N,N
FengboRen--AviralShrivastava,N,N,N,Y,N
FengboRen--DanShunk,N,Y,N,N,N
FengboRen--VioletSyrotiuk,N,N,N,N,N
FengboRen--HanghangTong,Y,Y,N,N,N
FengboRen--KurtVanLehn,N,N,N,N,N
FengboRen--JReneVillalobos,N,N,N,N,N
FengboRen--SarmaVrudhula,N,Y,N,Y,N
FengboRen--ErinWalker,N,N,N,N,N
FengboRen--CaroleJeanWu,N,Y,N,N,N
FengboRen--TeresaWu,N,Y,N,N,N
FengboRen--GuoliangXue,N,N,N,N,N
FengboRen--YezhouYang,N,N,N,N,N
FengboRen--StephenSYau,N,N,N,N,N
AndreaWRicha--GeorgeRunger,N,N,N,N,N
AndreaWRicha--HessamSarjoughian,N,N,N,N,N
AndreaWRicha--MohamedSarwat,N,Y,N,N,N
AndreaWRicha--ArunabhaSen,N,Y,N,Y,N
AndreaWRicha--PauloShakarian,N,N,N,N,N
AndreaWRicha--AviralShrivastava,N,N,N,N,N
AndreaWRicha--DanShunk,N,Y,N,N,N
AndreaWRicha--VioletSyrotiuk,N,Y,N,N,N
AndreaWRicha--HanghangTong,N,Y,N,N,N
AndreaWRicha--KurtVanLehn,N,N,N,N,N
AndreaWRicha--JReneVillalobos,N,N,N,N,N
AndreaWRicha--SarmaVrudhula,N,N,N,N,N
AndreaWRicha--ErinWalker,N,N,N,N,N
AndreaWRicha--CaroleJeanWu,N,N,N,N,N
AndreaWRicha--TeresaWu,N,Y,N,N,N
AndreaWRicha--GuoliangXue,N,Y,N,N,N
AndreaWRicha--YezhouYang,N,N,N,N,N
AndreaWRicha--StephenSYau,N,N,N,N,N
GeorgeRunger--HessamSarjoughian,N,Y,N,N,N
GeorgeRunger--MohamedSarwat,Y,Y,N,N,N
GeorgeRunger--ArunabhaSen,N,N,N,N,N
GeorgeRunger--PauloShakarian,N,Y,N,N,N
GeorgeRunger--AviralShrivastava,N,Y,N,N,N
GeorgeRunger--DanShunk,N,Y,N,N,N
GeorgeRunger--VioletSyrotiuk,N,N,N,N,N
GeorgeRunger--HanghangTong,Y,Y,Y,Y,Y
GeorgeRunger--KurtVanLehn,N,N,N,N,N
GeorgeRunger--JReneVillalobos,N,Y,N,N,N
GeorgeRunger--SarmaVrudhula,N,Y,N,N,N
GeorgeRunger--ErinWalker,N,N,N,N,N
GeorgeRunger--CaroleJeanWu,N,N,N,N,N
GeorgeRunger--TeresaWu,N,Y,N,N,N
GeorgeRunger--GuoliangXue,N,N,N,N,N
GeorgeRunger--YezhouYang,N,N,N,N,N
GeorgeRunger--StephenSYau,N,N,N,N,N
HessamSarjoughian--MohamedSarwat,N,N,N,N,N
HessamSarjoughian--ArunabhaSen,N,N,N,N,N
HessamSarjoughian--PauloShakarian,N,Y,N,N,N
HessamSarjoughian--AviralShrivastava,N,N,N,N,N
HessamSarjoughian--DanShunk,N,Y,N,N,N
HessamSarjoughian--VioletSyrotiuk,N,Y,N,N,N
HessamSarjoughian--HanghangTong,N,Y,N,N,N
HessamSarjoughian--KurtVanLehn,N,N,N,N,N
HessamSarjoughian--JReneVillalobos,N,N,N,N,N
HessamSarjoughian--SarmaVrudhula,N,Y,N,N,N
HessamSarjoughian--ErinWalker,N,N,N,N,N
HessamSarjoughian--CaroleJeanWu,N,N,N,N,N
HessamSarjoughian--TeresaWu,N,N,N,N,N
HessamSarjoughian--GuoliangXue,N,N,N,N,N
HessamSarjoughian--YezhouYang,N,N,N,N,N
HessamSarjoughian--StephenSYau,N,N,N,N,N
MohamedSarwat--ArunabhaSen,N,Y,N,N,N
MohamedSarwat--PauloShakarian,N,N,N,N,N
MohamedSarwat--AviralShrivastava,N,Y,N,N,N
MohamedSarwat--DanShunk,N,N,N,N,N
MohamedSarwat--VioletSyrotiuk,N,Y,N,N,N
MohamedSarwat--HanghangTong,N,Y,N,N,N
MohamedSarwat--KurtVanLehn,N,Y,N,N,N
MohamedSarwat--JReneVillalobos,N,N,N,N,N
MohamedSarwat--SarmaVrudhula,N,N,N,N,N
MohamedSarwat--ErinWalker,N,N,N,N,N
MohamedSarwat--CaroleJeanWu,N,Y,N,N,N
MohamedSarwat--TeresaWu,N,Y,N,N,N
MohamedSarwat--GuoliangXue,N,N,N,N,N
MohamedSarwat--YezhouYang,N,Y,N,N,N
MohamedSarwat--StephenSYau,N,Y,N,N,N
ArunabhaSen--PauloShakarian,N,N,N,N,N
ArunabhaSen--AviralShrivastava,N,Y,N,N,N
ArunabhaSen--DanShunk,N,Y,N,N,N
ArunabhaSen--VioletSyrotiuk,Y,Y,Y,Y,Y
ArunabhaSen--HanghangTong,N,N,N,N,N
ArunabhaSen--KurtVanLehn,N,N,N,N,N
ArunabhaSen--JReneVillalobos,N,N,N,N,N
ArunabhaSen--SarmaVrudhula,N,Y,N,Y,N
ArunabhaSen--ErinWalker,N,Y,N,N,N
ArunabhaSen--CaroleJeanWu,N,Y,N,N,N
ArunabhaSen--TeresaWu,N,N,N,N,N
ArunabhaSen--GuoliangXue,N,N,N,N,N
ArunabhaSen--YezhouYang,N,N,N,N,N
ArunabhaSen--StephenSYau,N,N,N,N,N
PauloShakarian--AviralShrivastava,N,N,N,N,N
PauloShakarian--DanShunk,N,Y,N,N,N
PauloShakarian--VioletSyrotiuk,N,Y,N,N,N
PauloShakarian--HanghangTong,Y,N,N,Y,N
PauloShakarian--KurtVanLehn,N,Y,N,Y,N
PauloShakarian--JReneVillalobos,N,N,N,N,N
PauloShakarian--SarmaVrudhula,N,Y,N,N,N
PauloShakarian--ErinWalker,N,Y,N,N,N
PauloShakarian--CaroleJeanWu,N,Y,N,N,N
PauloShakarian--TeresaWu,N,N,N,N,N
PauloShakarian--GuoliangXue,Y,N,N,N,N
PauloShakarian--YezhouYang,N,N,N,N,N
PauloShakarian--StephenSYau,N,N,Y,Y,N
AviralShrivastava--DanShunk,N,Y,N,N,N
AviralShrivastava--VioletSyrotiuk,N,N,N,N,N
AviralShrivastava--HanghangTong,N,Y,N,N,N
AviralShrivastava--KurtVanLehn,N,Y,N,N,N
AviralShrivastava--JReneVillalobos,N,N,N,N,N
AviralShrivastava--SarmaVrudhula,Y,N,Y,N,N
AviralShrivastava--ErinWalker,N,N,N,N,N
AviralShrivastava--CaroleJeanWu,Y,Y,N,Y,Y
AviralShrivastava--TeresaWu,N,Y,N,N,N
AviralShrivastava--GuoliangXue,N,N,N,N,N
AviralShrivastava--YezhouYang,N,N,N,N,N
AviralShrivastava--StephenSYau,N,N,N,N,N
DanShunk--VioletSyrotiuk,N,N,N,N,N
DanShunk--HanghangTong,N,N,N,N,N
DanShunk--KurtVanLehn,N,Y,N,N,N
DanShunk--JReneVillalobos,N,N,Y,N,N
DanShunk--SarmaVrudhula,N,N,N,N,N
DanShunk--ErinWalker,N,Y,N,N,N
DanShunk--CaroleJeanWu,N,Y,Y,N,N
DanShunk--TeresaWu,N,Y,N,N,N
DanShunk--GuoliangXue,N,N,N,N,N
DanShunk--YezhouYang,N,N,N,N,N
DanShunk--StephenSYau,N,N,N,N,N
VioletSyrotiuk--HanghangTong,N,N,N,N,N
VioletSyrotiuk--KurtVanLehn,N,Y,N,N,N
VioletSyrotiuk--JReneVillalobos,N,Y,N,N,N
VioletSyrotiuk--SarmaVrudhula,N,N,N,N,N
VioletSyrotiuk--ErinWalker,N,Y,N,N,N
VioletSyrotiuk--CaroleJeanWu,N,Y,N,N,N
VioletSyrotiuk--TeresaWu,N,N,N,N,N
VioletSyrotiuk--GuoliangXue,Y,N,N,N,N
VioletSyrotiuk--YezhouYang,N,N,N,N,N
VioletSyrotiuk--StephenSYau,N,N,N,N,N
HanghangTong--KurtVanLehn,N,Y,N,N,N
HanghangTong--JReneVillalobos,N,N,N,N,N
HanghangTong--SarmaVrudhula,N,Y,N,N,N
HanghangTong--ErinWalker,N,Y,N,N,N
HanghangTong--CaroleJeanWu,N,N,N,N,N
HanghangTong--TeresaWu,N,Y,N,N,N
HanghangTong--GuoliangXue,N,N,N,Y,N
HanghangTong--YezhouYang,N,N,N,N,N
HanghangTong--StephenSYau,N,Y,N,N,N
KurtVanLehn--JReneVillalobos,N,Y,N,N,N
KurtVanLehn--SarmaVrudhula,N,Y,N,N,N
KurtVanLehn--ErinWalker,Y,Y,Y,Y,Y
KurtVanLehn--CaroleJeanWu,N,Y,N,N,N
KurtVanLehn--TeresaWu,N,Y,N,N,N
KurtVanLehn--GuoliangXue,N,N,N,N,N
KurtVanLehn--YezhouYang,N,N,N,Y,N
KurtVanLehn--StephenSYau,N,Y,N,N,N
JReneVillalobos--SarmaVrudhula,N,N,N,N,N
JReneVillalobos--ErinWalker,N,N,N,N,N
JReneVillalobos--CaroleJeanWu,N,N,N,N,N
JReneVillalobos--TeresaWu,N,Y,N,N,N
JReneVillalobos--GuoliangXue,N,N,N,N,N
JReneVillalobos--YezhouYang,N,N,N,N,N
JReneVillalobos--StephenSYau,N,Y,N,N,N
SarmaVrudhula--ErinWalker,N,N,N,N,N
SarmaVrudhula--CaroleJeanWu,N,N,N,Y,N
SarmaVrudhula--TeresaWu,N,N,N,N,N
SarmaVrudhula--GuoliangXue,N,N,N,N,N
SarmaVrudhula--YezhouYang,N,N,N,N,N
SarmaVrudhula--StephenSYau,N,Y,N,N,N
ErinWalker--CaroleJeanWu,N,N,N,N,N
ErinWalker--TeresaWu,N,Y,N,N,N
ErinWalker--GuoliangXue,N,N,N,N,N
ErinWalker--YezhouYang,N,N,N,N,N
ErinWalker--StephenSYau,N,Y,N,N,N
CaroleJeanWu--TeresaWu,N,N,N,N,N
CaroleJeanWu--GuoliangXue,N,N,N,N,N
CaroleJeanWu--YezhouYang,N,N,N,N,N
CaroleJeanWu--StephenSYau,N,Y,N,N,N
TeresaWu--GuoliangXue,N,N,N,N,N
TeresaWu--YezhouYang,N,N,N,N,N
TeresaWu--StephenSYau,N,Y,N,N,N
GuoliangXue--YezhouYang,N,N,N,N,N
GuoliangXue--StephenSYau,N,Y,Y,N,N
YezhouYang--StephenSYau,N,Y,N,N,N
