id,value,value_x,value_y
GailJoonAhn--AshishAmresh,N,N,Y
GailJoonAhn--RonaldAskin,Y,N,N
GailJoonAhn--RobertAtkinson,N,N,N
GailJoonAhn--JanakaBalasooriya,N,N,N
GailJoonAhn--AjayBansal,N,N,N
GailJoonAhn--SrividyaBansal,N,N,N
GailJoonAhn--ChittaBaral,N,N,N
GailJoonAhn--RidaBazzi,Y,Y,Y
GailJoonAhn--HeniBenAmor,Y,N,N
GailJoonAhn--NadyaBliss,Y,Y,N
GailJoonAhn--KSelcukCandan,N,N,N
GailJoonAhn--YinongChen,N,N,N
GailJoonAhn--CharlesColbourn,Y,N,N
GailJoonAhn--JamesCollofello,Y,N,N
GailJoonAhn--ParthaDasgupta,N,Y,N
GailJoonAhn--HasanDavulcu,N,N,N
GailJoonAhn--AdamDoupe,Y,Y,Y
GailJoonAhn--GeorgiosFainekos,Y,N,N
GailJoonAhn--AshrafGaffar,Y,N,N
GailJoonAhn--KevinGary,Y,N,N
GailJoonAhn--EsmaGel,N,N,N
GailJoonAhn--JavierGonzalezSanchez,Y,N,N
GailJoonAhn--SandeepGupta,Y,N,N
GailJoonAhn--DianneHansford,Y,N,N
GailJoonAhn--JingruiHe,N,N,N
GailJoonAhn--DijiangHuang,N,Y,N
GailJoonAhn--FengJu,Y,N,N
GailJoonAhn--SubbaraoKambhampati,N,N,N
GailJoonAhn--JoohyungLee,N,N,N
GailJoonAhn--YannHangLee,Y,N,N
GailJoonAhn--BaoxinLi,N,N,N
GailJoonAhn--TimLindquist,Y,N,N
GailJoonAhn--RossMaciejewski,Y,N,N
GailJoonAhn--RyanMeuth,Y,N,N
GailJoonAhn--PituMirchandani,N,N,N
GailJoonAhn--BrianNelson,N,N,N
GailJoonAhn--RongPan,Y,N,N
GailJoonAhn--SethuramanPanchanathan,N,N,N
GailJoonAhn--PaoloPapotti,Y,N,N
GailJoonAhn--GiuliaPedrielli,N,N,N
GailJoonAhn--FengboRen,Y,N,N
GailJoonAhn--AndreaWRicha,N,N,N
GailJoonAhn--GeorgeRunger,N,N,N
GailJoonAhn--HessamSarjoughian,Y,N,N
GailJoonAhn--MohamedSarwat,Y,N,N
GailJoonAhn--ArunabhaSen,N,N,N
GailJoonAhn--PauloShakarian,Y,Y,N
GailJoonAhn--AviralShrivastava,N,N,N
GailJoonAhn--DanShunk,Y,N,N
GailJoonAhn--VioletSyrotiuk,N,N,N
GailJoonAhn--HanghangTong,N,N,N
GailJoonAhn--KurtVanLehn,Y,N,N
GailJoonAhn--JReneVillalobos,,N,N
GailJoonAhn--SarmaVrudhula,N,N,N
GailJoonAhn--ErinWalker,N,N,N
GailJoonAhn--CaroleJeanWu,Y,N,N
GailJoonAhn--TeresaWu,Y,N,N
GailJoonAhn--GuoliangXue,Y,Y,N
GailJoonAhn--YezhouYang,N,N,N
GailJoonAhn--NongYe,N,N,N
GailJoonAhn--StephenSYau,Y,Y,Y
AshishAmresh--RonaldAskin,N,N,N
AshishAmresh--RobertAtkinson,N,Y,N
AshishAmresh--JanakaBalasooriya,N,N,N
AshishAmresh--AjayBansal,N,N,N
AshishAmresh--SrividyaBansal,N,N,N
AshishAmresh--ChittaBaral,N,N,N
AshishAmresh--RidaBazzi,N,N,N
AshishAmresh--HeniBenAmor,N,N,N
AshishAmresh--NadyaBliss,N,N,N
AshishAmresh--KSelcukCandan,N,N,N
AshishAmresh--YinongChen,Y,N,N
AshishAmresh--CharlesColbourn,N,N,N
AshishAmresh--JamesCollofello,N,N,N
AshishAmresh--ParthaDasgupta,N,N,N
AshishAmresh--HasanDavulcu,Y,N,N
AshishAmresh--AdamDoupe,N,N,N
AshishAmresh--GeorgiosFainekos,Y,N,N
AshishAmresh--AshrafGaffar,N,Y,N
AshishAmresh--KevinGary,Y,N,N
AshishAmresh--EsmaGel,N,N,N
AshishAmresh--JavierGonzalezSanchez,Y,Y,N
AshishAmresh--SandeepGupta,N,N,N
AshishAmresh--DianneHansford,Y,N,N
AshishAmresh--JingruiHe,N,N,N
AshishAmresh--DijiangHuang,N,N,N
AshishAmresh--FengJu,Y,N,N
AshishAmresh--SubbaraoKambhampati,Y,N,N
AshishAmresh--JoohyungLee,Y,N,N
AshishAmresh--YannHangLee,N,N,N
AshishAmresh--BaoxinLi,Y,N,N
AshishAmresh--TimLindquist,N,N,N
AshishAmresh--RossMaciejewski,N,Y,N
AshishAmresh--RyanMeuth,Y,Y,N
AshishAmresh--PituMirchandani,Y,N,N
AshishAmresh--BrianNelson,N,Y,N
AshishAmresh--RongPan,N,N,N
AshishAmresh--SethuramanPanchanathan,N,Y,N
AshishAmresh--PaoloPapotti,Y,N,N
AshishAmresh--GiuliaPedrielli,N,N,N
AshishAmresh--FengboRen,N,N,N
AshishAmresh--AndreaWRicha,N,N,N
AshishAmresh--GeorgeRunger,Y,N,N
AshishAmresh--HessamSarjoughian,Y,N,N
AshishAmresh--MohamedSarwat,Y,N,N
AshishAmresh--ArunabhaSen,Y,N,N
AshishAmresh--PauloShakarian,N,N,N
AshishAmresh--AviralShrivastava,N,N,N
AshishAmresh--DanShunk,Y,N,N
AshishAmresh--VioletSyrotiuk,N,N,N
AshishAmresh--HanghangTong,Y,N,N
AshishAmresh--KurtVanLehn,N,N,N
AshishAmresh--JReneVillalobos,,N,N
AshishAmresh--SarmaVrudhula,N,N,N
AshishAmresh--ErinWalker,N,Y,N
AshishAmresh--CaroleJeanWu,N,N,N
AshishAmresh--TeresaWu,N,N,N
AshishAmresh--GuoliangXue,N,N,N
AshishAmresh--YezhouYang,N,N,N
AshishAmresh--NongYe,N,N,N
AshishAmresh--StephenSYau,N,N,N
RonaldAskin--RobertAtkinson,N,N,N
RonaldAskin--JanakaBalasooriya,N,N,N
RonaldAskin--AjayBansal,N,N,N
RonaldAskin--SrividyaBansal,N,N,N
RonaldAskin--ChittaBaral,N,N,N
RonaldAskin--RidaBazzi,N,N,N
RonaldAskin--HeniBenAmor,N,N,N
RonaldAskin--NadyaBliss,N,N,N
RonaldAskin--KSelcukCandan,N,N,N
RonaldAskin--YinongChen,N,N,N
RonaldAskin--CharlesColbourn,Y,N,N
RonaldAskin--JamesCollofello,Y,N,N
RonaldAskin--ParthaDasgupta,N,N,N
RonaldAskin--HasanDavulcu,Y,N,N
RonaldAskin--AdamDoupe,Y,N,N
RonaldAskin--GeorgiosFainekos,Y,N,N
RonaldAskin--AshrafGaffar,Y,N,N
RonaldAskin--KevinGary,Y,N,N
RonaldAskin--EsmaGel,Y,Y,N
RonaldAskin--JavierGonzalezSanchez,Y,N,N
RonaldAskin--SandeepGupta,N,N,N
RonaldAskin--DianneHansford,Y,N,N
RonaldAskin--JingruiHe,Y,N,N
RonaldAskin--DijiangHuang,Y,N,N
RonaldAskin--FengJu,N,Y,N
RonaldAskin--SubbaraoKambhampati,Y,N,N
RonaldAskin--JoohyungLee,N,N,N
RonaldAskin--YannHangLee,Y,N,N
RonaldAskin--BaoxinLi,Y,N,N
RonaldAskin--TimLindquist,Y,N,N
RonaldAskin--RossMaciejewski,N,N,N
RonaldAskin--RyanMeuth,N,N,N
RonaldAskin--PituMirchandani,Y,Y,N
RonaldAskin--BrianNelson,N,N,N
RonaldAskin--RongPan,Y,N,N
RonaldAskin--SethuramanPanchanathan,Y,N,N
RonaldAskin--PaoloPapotti,N,N,N
RonaldAskin--GiuliaPedrielli,N,Y,N
RonaldAskin--FengboRen,Y,N,N
RonaldAskin--AndreaWRicha,N,N,N
RonaldAskin--GeorgeRunger,Y,Y,N
RonaldAskin--HessamSarjoughian,N,N,N
RonaldAskin--MohamedSarwat,Y,N,N
RonaldAskin--ArunabhaSen,N,N,N
RonaldAskin--PauloShakarian,Y,N,N
RonaldAskin--AviralShrivastava,Y,N,N
RonaldAskin--DanShunk,N,N,N
RonaldAskin--VioletSyrotiuk,Y,N,N
RonaldAskin--HanghangTong,N,N,N
RonaldAskin--KurtVanLehn,Y,N,N
RonaldAskin--JReneVillalobos,,Y,N
RonaldAskin--SarmaVrudhula,Y,N,N
RonaldAskin--ErinWalker,N,N,N
RonaldAskin--CaroleJeanWu,N,N,N
RonaldAskin--TeresaWu,Y,N,N
RonaldAskin--GuoliangXue,N,N,N
RonaldAskin--YezhouYang,N,N,N
RonaldAskin--NongYe,N,N,N
RonaldAskin--StephenSYau,N,N,N
RobertAtkinson--JanakaBalasooriya,N,N,N
RobertAtkinson--AjayBansal,N,N,Y
RobertAtkinson--SrividyaBansal,N,N,N
RobertAtkinson--ChittaBaral,N,Y,N
RobertAtkinson--RidaBazzi,N,N,N
RobertAtkinson--HeniBenAmor,Y,N,N
RobertAtkinson--NadyaBliss,Y,N,N
RobertAtkinson--KSelcukCandan,N,N,N
RobertAtkinson--YinongChen,N,N,N
RobertAtkinson--CharlesColbourn,Y,N,N
RobertAtkinson--JamesCollofello,N,N,N
RobertAtkinson--ParthaDasgupta,N,N,N
RobertAtkinson--HasanDavulcu,N,N,N
RobertAtkinson--AdamDoupe,N,N,N
RobertAtkinson--GeorgiosFainekos,N,N,N
RobertAtkinson--AshrafGaffar,N,Y,N
RobertAtkinson--KevinGary,Y,N,N
RobertAtkinson--EsmaGel,N,N,N
RobertAtkinson--JavierGonzalezSanchez,N,Y,N
RobertAtkinson--SandeepGupta,Y,N,N
RobertAtkinson--DianneHansford,N,N,N
RobertAtkinson--JingruiHe,N,N,Y
RobertAtkinson--DijiangHuang,N,N,N
RobertAtkinson--FengJu,N,N,N
RobertAtkinson--SubbaraoKambhampati,N,N,N
RobertAtkinson--JoohyungLee,Y,N,N
RobertAtkinson--YannHangLee,N,N,N
RobertAtkinson--BaoxinLi,N,N,N
RobertAtkinson--TimLindquist,Y,N,N
RobertAtkinson--RossMaciejewski,N,N,N
RobertAtkinson--RyanMeuth,N,Y,N
RobertAtkinson--PituMirchandani,N,N,N
RobertAtkinson--BrianNelson,N,N,N
RobertAtkinson--RongPan,Y,N,N
RobertAtkinson--SethuramanPanchanathan,N,Y,N
RobertAtkinson--PaoloPapotti,N,N,N
RobertAtkinson--GiuliaPedrielli,Y,N,N
RobertAtkinson--FengboRen,N,N,N
RobertAtkinson--AndreaWRicha,Y,N,N
RobertAtkinson--GeorgeRunger,Y,N,N
RobertAtkinson--HessamSarjoughian,N,N,N
RobertAtkinson--MohamedSarwat,Y,N,N
RobertAtkinson--ArunabhaSen,Y,N,N
RobertAtkinson--PauloShakarian,Y,N,Y
RobertAtkinson--AviralShrivastava,Y,N,N
RobertAtkinson--DanShunk,Y,N,N
RobertAtkinson--VioletSyrotiuk,Y,Y,N
RobertAtkinson--HanghangTong,N,N,Y
RobertAtkinson--KurtVanLehn,N,Y,N
RobertAtkinson--JReneVillalobos,,N,N
RobertAtkinson--SarmaVrudhula,N,N,N
RobertAtkinson--ErinWalker,Y,Y,N
RobertAtkinson--CaroleJeanWu,N,N,N
RobertAtkinson--TeresaWu,N,N,N
RobertAtkinson--GuoliangXue,N,N,N
RobertAtkinson--YezhouYang,N,Y,Y
RobertAtkinson--NongYe,N,N,N
RobertAtkinson--StephenSYau,N,N,N
JanakaBalasooriya--AjayBansal,N,N,N
JanakaBalasooriya--SrividyaBansal,Y,N,N
JanakaBalasooriya--ChittaBaral,N,N,N
JanakaBalasooriya--RidaBazzi,Y,Y,N
JanakaBalasooriya--HeniBenAmor,N,N,N
JanakaBalasooriya--NadyaBliss,Y,N,N
JanakaBalasooriya--KSelcukCandan,N,N,N
JanakaBalasooriya--YinongChen,N,Y,N
JanakaBalasooriya--CharlesColbourn,Y,N,N
JanakaBalasooriya--JamesCollofello,N,N,N
JanakaBalasooriya--ParthaDasgupta,Y,Y,N
JanakaBalasooriya--HasanDavulcu,Y,N,N
JanakaBalasooriya--AdamDoupe,Y,N,N
JanakaBalasooriya--GeorgiosFainekos,N,N,N
JanakaBalasooriya--AshrafGaffar,Y,N,N
JanakaBalasooriya--KevinGary,N,N,N
JanakaBalasooriya--EsmaGel,Y,N,N
JanakaBalasooriya--JavierGonzalezSanchez,Y,N,N
JanakaBalasooriya--SandeepGupta,N,Y,N
JanakaBalasooriya--DianneHansford,N,N,N
JanakaBalasooriya--JingruiHe,N,N,N
JanakaBalasooriya--DijiangHuang,Y,N,Y
JanakaBalasooriya--FengJu,Y,N,N
JanakaBalasooriya--SubbaraoKambhampati,Y,N,N
JanakaBalasooriya--JoohyungLee,Y,N,N
JanakaBalasooriya--YannHangLee,Y,Y,Y
JanakaBalasooriya--BaoxinLi,N,N,N
JanakaBalasooriya--TimLindquist,N,Y,N
JanakaBalasooriya--RossMaciejewski,Y,N,N
JanakaBalasooriya--RyanMeuth,Y,N,N
JanakaBalasooriya--PituMirchandani,N,N,N
JanakaBalasooriya--BrianNelson,Y,N,N
JanakaBalasooriya--RongPan,N,N,N
JanakaBalasooriya--SethuramanPanchanathan,N,N,Y
JanakaBalasooriya--PaoloPapotti,N,N,N
JanakaBalasooriya--GiuliaPedrielli,N,N,N
JanakaBalasooriya--FengboRen,Y,N,N
JanakaBalasooriya--AndreaWRicha,Y,Y,N
JanakaBalasooriya--GeorgeRunger,N,N,N
JanakaBalasooriya--HessamSarjoughian,Y,N,N
JanakaBalasooriya--MohamedSarwat,Y,N,N
JanakaBalasooriya--ArunabhaSen,N,N,N
JanakaBalasooriya--PauloShakarian,Y,N,N
JanakaBalasooriya--AviralShrivastava,Y,N,Y
JanakaBalasooriya--DanShunk,N,N,N
JanakaBalasooriya--VioletSyrotiuk,Y,N,N
JanakaBalasooriya--HanghangTong,N,N,N
JanakaBalasooriya--KurtVanLehn,N,N,N
JanakaBalasooriya--JReneVillalobos,,N,N
JanakaBalasooriya--SarmaVrudhula,N,N,N
JanakaBalasooriya--ErinWalker,N,N,N
JanakaBalasooriya--CaroleJeanWu,N,N,N
JanakaBalasooriya--TeresaWu,Y,N,N
JanakaBalasooriya--GuoliangXue,N,N,N
JanakaBalasooriya--YezhouYang,N,Y,N
JanakaBalasooriya--NongYe,N,N,N
JanakaBalasooriya--StephenSYau,N,N,N
AjayBansal--SrividyaBansal,Y,Y,N
AjayBansal--ChittaBaral,Y,Y,Y
AjayBansal--RidaBazzi,N,N,N
AjayBansal--HeniBenAmor,Y,Y,N
AjayBansal--NadyaBliss,Y,N,N
AjayBansal--KSelcukCandan,N,N,N
AjayBansal--YinongChen,N,N,N
AjayBansal--CharlesColbourn,N,N,N
AjayBansal--JamesCollofello,Y,N,N
AjayBansal--ParthaDasgupta,Y,N,N
AjayBansal--HasanDavulcu,N,Y,N
AjayBansal--AdamDoupe,Y,N,N
AjayBansal--GeorgiosFainekos,Y,N,N
AjayBansal--AshrafGaffar,N,N,N
AjayBansal--KevinGary,N,N,N
AjayBansal--EsmaGel,N,N,N
AjayBansal--JavierGonzalezSanchez,Y,N,N
AjayBansal--SandeepGupta,N,N,N
AjayBansal--DianneHansford,N,N,N
AjayBansal--JingruiHe,N,Y,Y
AjayBansal--DijiangHuang,Y,N,N
AjayBansal--FengJu,N,N,N
AjayBansal--SubbaraoKambhampati,N,Y,N
AjayBansal--JoohyungLee,N,Y,Y
AjayBansal--YannHangLee,Y,Y,N
AjayBansal--BaoxinLi,N,N,N
AjayBansal--TimLindquist,N,N,N
AjayBansal--RossMaciejewski,N,N,N
AjayBansal--RyanMeuth,Y,N,N
AjayBansal--PituMirchandani,Y,N,N
AjayBansal--BrianNelson,Y,N,N
AjayBansal--RongPan,N,N,N
AjayBansal--SethuramanPanchanathan,N,N,N
AjayBansal--PaoloPapotti,Y,N,N
AjayBansal--GiuliaPedrielli,N,N,N
AjayBansal--FengboRen,N,Y,N
AjayBansal--AndreaWRicha,N,N,N
AjayBansal--GeorgeRunger,N,N,N
AjayBansal--HessamSarjoughian,Y,N,N
AjayBansal--MohamedSarwat,N,N,N
AjayBansal--ArunabhaSen,Y,N,N
AjayBansal--PauloShakarian,N,N,N
AjayBansal--AviralShrivastava,Y,N,N
AjayBansal--DanShunk,Y,N,N
AjayBansal--VioletSyrotiuk,N,N,N
AjayBansal--HanghangTong,N,Y,Y
AjayBansal--KurtVanLehn,N,N,N
AjayBansal--JReneVillalobos,,N,N
AjayBansal--SarmaVrudhula,N,N,N
AjayBansal--ErinWalker,N,N,N
AjayBansal--CaroleJeanWu,Y,N,N
AjayBansal--TeresaWu,Y,N,N
AjayBansal--GuoliangXue,Y,N,N
AjayBansal--YezhouYang,N,N,N
AjayBansal--NongYe,N,Y,N
AjayBansal--StephenSYau,N,N,N
SrividyaBansal--ChittaBaral,N,N,N
SrividyaBansal--RidaBazzi,N,N,N
SrividyaBansal--HeniBenAmor,N,N,N
SrividyaBansal--NadyaBliss,Y,N,N
SrividyaBansal--KSelcukCandan,N,N,N
SrividyaBansal--YinongChen,Y,N,N
SrividyaBansal--CharlesColbourn,N,N,N
SrividyaBansal--JamesCollofello,Y,N,N
SrividyaBansal--ParthaDasgupta,N,N,N
SrividyaBansal--HasanDavulcu,Y,Y,N
SrividyaBansal--AdamDoupe,Y,N,N
SrividyaBansal--GeorgiosFainekos,N,N,N
SrividyaBansal--AshrafGaffar,N,N,N
SrividyaBansal--KevinGary,Y,N,N
SrividyaBansal--EsmaGel,Y,N,N
SrividyaBansal--JavierGonzalezSanchez,Y,N,N
SrividyaBansal--SandeepGupta,Y,N,N
SrividyaBansal--DianneHansford,N,N,N
SrividyaBansal--JingruiHe,Y,N,N
SrividyaBansal--DijiangHuang,N,N,N
SrividyaBansal--FengJu,N,N,N
SrividyaBansal--SubbaraoKambhampati,N,N,N
SrividyaBansal--JoohyungLee,Y,N,N
SrividyaBansal--YannHangLee,N,N,N
SrividyaBansal--BaoxinLi,N,N,N
SrividyaBansal--TimLindquist,Y,N,N
SrividyaBansal--RossMaciejewski,Y,N,N
SrividyaBansal--RyanMeuth,Y,N,N
SrividyaBansal--PituMirchandani,N,N,N
SrividyaBansal--BrianNelson,Y,N,N
SrividyaBansal--RongPan,N,N,N
SrividyaBansal--SethuramanPanchanathan,N,N,N
SrividyaBansal--PaoloPapotti,N,N,N
SrividyaBansal--GiuliaPedrielli,Y,N,N
SrividyaBansal--FengboRen,Y,N,N
SrividyaBansal--AndreaWRicha,Y,N,N
SrividyaBansal--GeorgeRunger,N,N,N
SrividyaBansal--HessamSarjoughian,N,N,N
SrividyaBansal--MohamedSarwat,N,N,N
SrividyaBansal--ArunabhaSen,N,N,N
SrividyaBansal--PauloShakarian,Y,N,N
SrividyaBansal--AviralShrivastava,Y,N,N
SrividyaBansal--DanShunk,Y,N,N
SrividyaBansal--VioletSyrotiuk,N,N,N
SrividyaBansal--HanghangTong,Y,N,N
SrividyaBansal--KurtVanLehn,N,N,N
SrividyaBansal--JReneVillalobos,,N,N
SrividyaBansal--SarmaVrudhula,Y,N,N
SrividyaBansal--ErinWalker,Y,N,N
SrividyaBansal--CaroleJeanWu,Y,N,N
SrividyaBansal--TeresaWu,N,N,N
SrividyaBansal--GuoliangXue,Y,N,N
SrividyaBansal--YezhouYang,N,N,N
SrividyaBansal--NongYe,N,N,N
SrividyaBansal--StephenSYau,N,N,N
ChittaBaral--RidaBazzi,N,N,N
ChittaBaral--HeniBenAmor,Y,N,N
ChittaBaral--NadyaBliss,N,N,N
ChittaBaral--KSelcukCandan,Y,N,N
ChittaBaral--YinongChen,N,N,N
ChittaBaral--CharlesColbourn,Y,N,N
ChittaBaral--JamesCollofello,Y,N,N
ChittaBaral--ParthaDasgupta,N,N,N
ChittaBaral--HasanDavulcu,Y,N,N
ChittaBaral--AdamDoupe,Y,N,N
ChittaBaral--GeorgiosFainekos,Y,N,N
ChittaBaral--AshrafGaffar,Y,N,N
ChittaBaral--KevinGary,Y,N,N
ChittaBaral--EsmaGel,N,N,N
ChittaBaral--JavierGonzalezSanchez,Y,N,N
ChittaBaral--SandeepGupta,N,N,N
ChittaBaral--DianneHansford,N,N,N
ChittaBaral--JingruiHe,N,N,N
ChittaBaral--DijiangHuang,Y,N,N
ChittaBaral--FengJu,Y,N,N
ChittaBaral--SubbaraoKambhampati,N,N,N
ChittaBaral--JoohyungLee,Y,Y,Y
ChittaBaral--YannHangLee,N,N,N
ChittaBaral--BaoxinLi,N,N,N
ChittaBaral--TimLindquist,Y,N,N
ChittaBaral--RossMaciejewski,Y,N,N
ChittaBaral--RyanMeuth,N,N,N
ChittaBaral--PituMirchandani,N,N,N
ChittaBaral--BrianNelson,N,N,N
ChittaBaral--RongPan,N,N,N
ChittaBaral--SethuramanPanchanathan,Y,N,N
ChittaBaral--PaoloPapotti,Y,N,N
ChittaBaral--GiuliaPedrielli,N,N,N
ChittaBaral--FengboRen,Y,N,N
ChittaBaral--AndreaWRicha,N,N,N
ChittaBaral--GeorgeRunger,Y,N,N
ChittaBaral--HessamSarjoughian,Y,N,N
ChittaBaral--MohamedSarwat,Y,N,N
ChittaBaral--ArunabhaSen,N,N,N
ChittaBaral--PauloShakarian,Y,N,N
ChittaBaral--AviralShrivastava,N,N,N
ChittaBaral--DanShunk,N,N,N
ChittaBaral--VioletSyrotiuk,N,N,N
ChittaBaral--HanghangTong,N,N,N
ChittaBaral--KurtVanLehn,N,N,N
ChittaBaral--JReneVillalobos,,N,N
ChittaBaral--SarmaVrudhula,N,N,N
ChittaBaral--ErinWalker,Y,N,N
ChittaBaral--CaroleJeanWu,N,N,N
ChittaBaral--TeresaWu,Y,N,N
ChittaBaral--GuoliangXue,Y,N,N
ChittaBaral--YezhouYang,N,N,N
ChittaBaral--NongYe,N,N,N
ChittaBaral--StephenSYau,N,N,N
RidaBazzi--HeniBenAmor,N,N,N
RidaBazzi--NadyaBliss,Y,Y,N
RidaBazzi--KSelcukCandan,Y,N,N
RidaBazzi--YinongChen,Y,Y,Y
RidaBazzi--CharlesColbourn,Y,N,N
RidaBazzi--JamesCollofello,N,N,N
RidaBazzi--ParthaDasgupta,N,Y,Y
RidaBazzi--HasanDavulcu,Y,N,N
RidaBazzi--AdamDoupe,N,Y,Y
RidaBazzi--GeorgiosFainekos,Y,N,N
RidaBazzi--AshrafGaffar,N,N,N
RidaBazzi--KevinGary,Y,N,N
RidaBazzi--EsmaGel,Y,N,N
RidaBazzi--JavierGonzalezSanchez,Y,N,N
RidaBazzi--SandeepGupta,N,Y,Y
RidaBazzi--DianneHansford,N,N,N
RidaBazzi--JingruiHe,N,N,N
RidaBazzi--DijiangHuang,Y,N,Y
RidaBazzi--FengJu,Y,N,N
RidaBazzi--SubbaraoKambhampati,N,N,N
RidaBazzi--JoohyungLee,N,N,N
RidaBazzi--YannHangLee,Y,Y,N
RidaBazzi--BaoxinLi,Y,N,N
RidaBazzi--TimLindquist,N,N,N
RidaBazzi--RossMaciejewski,N,N,N
RidaBazzi--RyanMeuth,Y,N,N
RidaBazzi--PituMirchandani,N,N,N
RidaBazzi--BrianNelson,Y,N,N
RidaBazzi--RongPan,N,N,N
RidaBazzi--SethuramanPanchanathan,N,N,N
RidaBazzi--PaoloPapotti,N,N,N
RidaBazzi--GiuliaPedrielli,Y,N,N
RidaBazzi--FengboRen,N,N,N
RidaBazzi--AndreaWRicha,N,N,N
RidaBazzi--GeorgeRunger,Y,N,N
RidaBazzi--HessamSarjoughian,Y,N,N
RidaBazzi--MohamedSarwat,Y,N,N
RidaBazzi--ArunabhaSen,Y,N,N
RidaBazzi--PauloShakarian,N,Y,N
RidaBazzi--AviralShrivastava,Y,N,N
RidaBazzi--DanShunk,Y,N,N
RidaBazzi--VioletSyrotiuk,N,N,N
RidaBazzi--HanghangTong,N,N,N
RidaBazzi--KurtVanLehn,Y,N,N
RidaBazzi--JReneVillalobos,,N,N
RidaBazzi--SarmaVrudhula,N,N,N
RidaBazzi--ErinWalker,N,N,N
RidaBazzi--CaroleJeanWu,Y,N,N
RidaBazzi--TeresaWu,N,N,N
RidaBazzi--GuoliangXue,N,Y,N
RidaBazzi--YezhouYang,Y,N,N
RidaBazzi--NongYe,N,N,N
RidaBazzi--StephenSYau,N,Y,Y
HeniBenAmor--NadyaBliss,Y,N,N
HeniBenAmor--KSelcukCandan,N,N,N
HeniBenAmor--YinongChen,N,N,N
HeniBenAmor--CharlesColbourn,Y,N,N
HeniBenAmor--JamesCollofello,N,N,N
HeniBenAmor--ParthaDasgupta,Y,N,N
HeniBenAmor--HasanDavulcu,N,N,N
HeniBenAmor--AdamDoupe,Y,N,N
HeniBenAmor--GeorgiosFainekos,Y,Y,N
HeniBenAmor--AshrafGaffar,N,N,N
HeniBenAmor--KevinGary,N,N,N
HeniBenAmor--EsmaGel,Y,N,N
HeniBenAmor--JavierGonzalezSanchez,Y,N,N
HeniBenAmor--SandeepGupta,Y,N,N
HeniBenAmor--DianneHansford,N,N,N
HeniBenAmor--JingruiHe,N,Y,Y
HeniBenAmor--DijiangHuang,Y,N,N
HeniBenAmor--FengJu,N,N,N
HeniBenAmor--SubbaraoKambhampati,Y,N,Y
HeniBenAmor--JoohyungLee,N,N,N
HeniBenAmor--YannHangLee,N,N,N
HeniBenAmor--BaoxinLi,N,N,N
HeniBenAmor--TimLindquist,N,N,N
HeniBenAmor--RossMaciejewski,Y,N,N
HeniBenAmor--RyanMeuth,N,N,N
HeniBenAmor--PituMirchandani,Y,N,N
HeniBenAmor--BrianNelson,Y,N,N
HeniBenAmor--RongPan,N,N,N
HeniBenAmor--SethuramanPanchanathan,N,N,N
HeniBenAmor--PaoloPapotti,N,N,N
HeniBenAmor--GiuliaPedrielli,N,N,N
HeniBenAmor--FengboRen,N,N,N
HeniBenAmor--AndreaWRicha,Y,N,N
HeniBenAmor--GeorgeRunger,Y,N,N
HeniBenAmor--HessamSarjoughian,Y,N,N
HeniBenAmor--MohamedSarwat,Y,N,N
HeniBenAmor--ArunabhaSen,Y,N,N
HeniBenAmor--PauloShakarian,Y,Y,N
HeniBenAmor--AviralShrivastava,Y,N,N
HeniBenAmor--DanShunk,N,N,N
HeniBenAmor--VioletSyrotiuk,N,N,N
HeniBenAmor--HanghangTong,Y,Y,Y
HeniBenAmor--KurtVanLehn,N,Y,Y
HeniBenAmor--JReneVillalobos,,N,N
HeniBenAmor--SarmaVrudhula,N,N,N
HeniBenAmor--ErinWalker,Y,N,N
HeniBenAmor--CaroleJeanWu,Y,N,N
HeniBenAmor--TeresaWu,Y,N,N
HeniBenAmor--GuoliangXue,N,N,N
HeniBenAmor--YezhouYang,Y,N,Y
HeniBenAmor--NongYe,N,N,N
HeniBenAmor--StephenSYau,N,N,N
NadyaBliss--KSelcukCandan,N,N,N
NadyaBliss--YinongChen,Y,Y,N
NadyaBliss--CharlesColbourn,Y,N,N
NadyaBliss--JamesCollofello,N,N,N
NadyaBliss--ParthaDasgupta,Y,Y,N
NadyaBliss--HasanDavulcu,N,N,N
NadyaBliss--AdamDoupe,Y,Y,N
NadyaBliss--GeorgiosFainekos,Y,N,N
NadyaBliss--AshrafGaffar,Y,N,N
NadyaBliss--KevinGary,N,N,N
NadyaBliss--EsmaGel,N,N,N
NadyaBliss--JavierGonzalezSanchez,Y,N,N
NadyaBliss--SandeepGupta,N,Y,N
NadyaBliss--DianneHansford,Y,N,N
NadyaBliss--JingruiHe,Y,N,N
NadyaBliss--DijiangHuang,N,N,Y
NadyaBliss--FengJu,Y,N,N
NadyaBliss--SubbaraoKambhampati,N,N,N
NadyaBliss--JoohyungLee,Y,N,N
NadyaBliss--YannHangLee,N,Y,N
NadyaBliss--BaoxinLi,N,N,N
NadyaBliss--TimLindquist,N,N,N
NadyaBliss--RossMaciejewski,N,N,Y
NadyaBliss--RyanMeuth,N,N,N
NadyaBliss--PituMirchandani,Y,N,N
NadyaBliss--BrianNelson,Y,N,N
NadyaBliss--RongPan,Y,N,N
NadyaBliss--SethuramanPanchanathan,Y,N,N
NadyaBliss--PaoloPapotti,Y,N,Y
NadyaBliss--GiuliaPedrielli,Y,N,N
NadyaBliss--FengboRen,N,N,N
NadyaBliss--AndreaWRicha,N,N,Y
NadyaBliss--GeorgeRunger,Y,N,N
NadyaBliss--HessamSarjoughian,Y,N,N
NadyaBliss--MohamedSarwat,Y,N,Y
NadyaBliss--ArunabhaSen,Y,N,N
NadyaBliss--PauloShakarian,N,Y,N
NadyaBliss--AviralShrivastava,N,N,N
NadyaBliss--DanShunk,Y,N,N
NadyaBliss--VioletSyrotiuk,Y,N,N
NadyaBliss--HanghangTong,N,N,N
NadyaBliss--KurtVanLehn,N,N,N
NadyaBliss--JReneVillalobos,,N,N
NadyaBliss--SarmaVrudhula,N,N,N
NadyaBliss--ErinWalker,Y,N,N
NadyaBliss--CaroleJeanWu,Y,N,N
NadyaBliss--TeresaWu,N,N,N
NadyaBliss--GuoliangXue,N,Y,N
NadyaBliss--YezhouYang,N,N,N
NadyaBliss--NongYe,N,N,N
NadyaBliss--StephenSYau,N,Y,N
KSelcukCandan--YinongChen,Y,N,N
KSelcukCandan--CharlesColbourn,Y,N,N
KSelcukCandan--JamesCollofello,N,N,N
KSelcukCandan--ParthaDasgupta,N,N,N
KSelcukCandan--HasanDavulcu,Y,Y,Y
KSelcukCandan--AdamDoupe,N,N,N
KSelcukCandan--GeorgiosFainekos,Y,N,N
KSelcukCandan--AshrafGaffar,Y,N,N
KSelcukCandan--KevinGary,Y,N,N
KSelcukCandan--EsmaGel,N,N,N
KSelcukCandan--JavierGonzalezSanchez,N,N,N
KSelcukCandan--SandeepGupta,N,N,N
KSelcukCandan--DianneHansford,N,N,N
KSelcukCandan--JingruiHe,N,N,N
KSelcukCandan--DijiangHuang,N,N,N
KSelcukCandan--FengJu,Y,N,N
KSelcukCandan--SubbaraoKambhampati,Y,N,N
KSelcukCandan--JoohyungLee,Y,N,N
KSelcukCandan--YannHangLee,Y,N,N
KSelcukCandan--BaoxinLi,N,N,N
KSelcukCandan--TimLindquist,N,N,N
KSelcukCandan--RossMaciejewski,Y,N,N
KSelcukCandan--RyanMeuth,N,N,N
KSelcukCandan--PituMirchandani,N,N,N
KSelcukCandan--BrianNelson,Y,N,N
KSelcukCandan--RongPan,N,N,N
KSelcukCandan--SethuramanPanchanathan,Y,N,N
KSelcukCandan--PaoloPapotti,N,Y,Y
KSelcukCandan--GiuliaPedrielli,Y,N,N
KSelcukCandan--FengboRen,Y,N,N
KSelcukCandan--AndreaWRicha,Y,N,N
KSelcukCandan--GeorgeRunger,N,N,N
KSelcukCandan--HessamSarjoughian,Y,N,N
KSelcukCandan--MohamedSarwat,Y,N,Y
KSelcukCandan--ArunabhaSen,N,N,N
KSelcukCandan--PauloShakarian,N,N,N
KSelcukCandan--AviralShrivastava,N,N,N
KSelcukCandan--DanShunk,N,N,N
KSelcukCandan--VioletSyrotiuk,Y,N,N
KSelcukCandan--HanghangTong,N,N,N
KSelcukCandan--KurtVanLehn,Y,N,N
KSelcukCandan--JReneVillalobos,,N,N
KSelcukCandan--SarmaVrudhula,N,N,N
KSelcukCandan--ErinWalker,N,N,N
KSelcukCandan--CaroleJeanWu,Y,N,N
KSelcukCandan--TeresaWu,N,N,N
KSelcukCandan--GuoliangXue,Y,N,N
KSelcukCandan--YezhouYang,N,N,N
KSelcukCandan--NongYe,Y,N,N
KSelcukCandan--StephenSYau,N,N,N
YinongChen--CharlesColbourn,Y,N,N
YinongChen--JamesCollofello,N,N,N
YinongChen--ParthaDasgupta,Y,Y,N
YinongChen--HasanDavulcu,N,N,N
YinongChen--AdamDoupe,Y,N,N
YinongChen--GeorgiosFainekos,Y,Y,Y
YinongChen--AshrafGaffar,Y,N,N
YinongChen--KevinGary,Y,N,N
YinongChen--EsmaGel,N,N,N
YinongChen--JavierGonzalezSanchez,Y,N,N
YinongChen--SandeepGupta,Y,Y,Y
YinongChen--DianneHansford,N,N,N
YinongChen--JingruiHe,Y,N,N
YinongChen--DijiangHuang,Y,N,N
YinongChen--FengJu,N,N,N
YinongChen--SubbaraoKambhampati,Y,N,N
YinongChen--JoohyungLee,N,Y,N
YinongChen--YannHangLee,N,N,N
YinongChen--BaoxinLi,Y,N,N
YinongChen--TimLindquist,N,Y,N
YinongChen--RossMaciejewski,Y,N,N
YinongChen--RyanMeuth,N,N,N
YinongChen--PituMirchandani,Y,N,N
YinongChen--BrianNelson,Y,N,N
YinongChen--RongPan,N,N,N
YinongChen--SethuramanPanchanathan,Y,N,N
YinongChen--PaoloPapotti,N,N,N
YinongChen--GiuliaPedrielli,N,N,N
YinongChen--FengboRen,Y,Y,N
YinongChen--AndreaWRicha,N,Y,N
YinongChen--GeorgeRunger,N,N,N
YinongChen--HessamSarjoughian,N,N,N
YinongChen--MohamedSarwat,N,N,N
YinongChen--ArunabhaSen,N,N,N
YinongChen--PauloShakarian,Y,N,N
YinongChen--AviralShrivastava,N,Y,N
YinongChen--DanShunk,N,N,N
YinongChen--VioletSyrotiuk,N,N,N
YinongChen--HanghangTong,N,N,N
YinongChen--KurtVanLehn,N,N,N
YinongChen--JReneVillalobos,,N,N
YinongChen--SarmaVrudhula,Y,N,N
YinongChen--ErinWalker,Y,N,N
YinongChen--CaroleJeanWu,Y,N,N
YinongChen--TeresaWu,Y,N,N
YinongChen--GuoliangXue,N,N,N
YinongChen--YezhouYang,N,N,N
YinongChen--NongYe,N,N,N
YinongChen--StephenSYau,N,Y,N
CharlesColbourn--JamesCollofello,Y,N,N
CharlesColbourn--ParthaDasgupta,Y,N,N
CharlesColbourn--HasanDavulcu,Y,N,N
CharlesColbourn--AdamDoupe,Y,N,N
CharlesColbourn--GeorgiosFainekos,N,N,N
CharlesColbourn--AshrafGaffar,Y,N,N
CharlesColbourn--KevinGary,Y,N,N
CharlesColbourn--EsmaGel,N,N,Y
CharlesColbourn--JavierGonzalezSanchez,N,N,N
CharlesColbourn--SandeepGupta,Y,N,N
CharlesColbourn--DianneHansford,Y,N,N
CharlesColbourn--JingruiHe,N,N,N
CharlesColbourn--DijiangHuang,Y,N,N
CharlesColbourn--FengJu,Y,N,N
CharlesColbourn--SubbaraoKambhampati,Y,N,N
CharlesColbourn--JoohyungLee,N,N,N
CharlesColbourn--YannHangLee,Y,N,N
CharlesColbourn--BaoxinLi,N,N,N
CharlesColbourn--TimLindquist,N,N,N
CharlesColbourn--RossMaciejewski,Y,N,N
CharlesColbourn--RyanMeuth,Y,N,N
CharlesColbourn--PituMirchandani,N,N,N
CharlesColbourn--BrianNelson,N,N,N
CharlesColbourn--RongPan,N,N,N
CharlesColbourn--SethuramanPanchanathan,Y,N,N
CharlesColbourn--PaoloPapotti,N,N,N
CharlesColbourn--GiuliaPedrielli,N,N,N
CharlesColbourn--FengboRen,N,N,N
CharlesColbourn--AndreaWRicha,N,Y,Y
CharlesColbourn--GeorgeRunger,Y,N,N
CharlesColbourn--HessamSarjoughian,N,N,N
CharlesColbourn--MohamedSarwat,N,N,N
CharlesColbourn--ArunabhaSen,Y,Y,N
CharlesColbourn--PauloShakarian,N,N,N
CharlesColbourn--AviralShrivastava,Y,N,N
CharlesColbourn--DanShunk,Y,N,N
CharlesColbourn--VioletSyrotiuk,Y,Y,N
CharlesColbourn--HanghangTong,Y,N,N
CharlesColbourn--KurtVanLehn,Y,N,N
CharlesColbourn--JReneVillalobos,,N,N
CharlesColbourn--SarmaVrudhula,Y,N,N
CharlesColbourn--ErinWalker,N,N,N
CharlesColbourn--CaroleJeanWu,Y,N,N
CharlesColbourn--TeresaWu,Y,N,N
CharlesColbourn--GuoliangXue,Y,N,N
CharlesColbourn--YezhouYang,N,N,N
CharlesColbourn--NongYe,N,N,N
CharlesColbourn--StephenSYau,N,N,N
JamesCollofello--ParthaDasgupta,Y,N,N
JamesCollofello--HasanDavulcu,Y,N,N
JamesCollofello--AdamDoupe,Y,N,N
JamesCollofello--GeorgiosFainekos,N,N,N
JamesCollofello--AshrafGaffar,N,N,N
JamesCollofello--KevinGary,Y,N,N
JamesCollofello--EsmaGel,Y,N,N
JamesCollofello--JavierGonzalezSanchez,Y,Y,N
JamesCollofello--SandeepGupta,N,N,N
JamesCollofello--DianneHansford,Y,N,N
JamesCollofello--JingruiHe,N,N,N
JamesCollofello--DijiangHuang,Y,N,N
JamesCollofello--FengJu,N,N,N
JamesCollofello--SubbaraoKambhampati,Y,N,N
JamesCollofello--JoohyungLee,N,N,N
JamesCollofello--YannHangLee,Y,N,N
JamesCollofello--BaoxinLi,Y,N,N
JamesCollofello--TimLindquist,N,Y,Y
JamesCollofello--RossMaciejewski,N,N,N
JamesCollofello--RyanMeuth,Y,N,N
JamesCollofello--PituMirchandani,Y,N,N
JamesCollofello--BrianNelson,Y,N,N
JamesCollofello--RongPan,Y,N,N
JamesCollofello--SethuramanPanchanathan,Y,N,N
JamesCollofello--PaoloPapotti,N,N,N
JamesCollofello--GiuliaPedrielli,Y,N,N
JamesCollofello--FengboRen,N,N,N
JamesCollofello--AndreaWRicha,Y,N,N
JamesCollofello--GeorgeRunger,N,N,N
JamesCollofello--HessamSarjoughian,Y,N,N
JamesCollofello--MohamedSarwat,Y,N,N
JamesCollofello--ArunabhaSen,Y,N,N
JamesCollofello--PauloShakarian,Y,N,N
JamesCollofello--AviralShrivastava,Y,N,N
JamesCollofello--DanShunk,Y,N,N
JamesCollofello--VioletSyrotiuk,Y,N,N
JamesCollofello--HanghangTong,N,N,N
JamesCollofello--KurtVanLehn,N,N,N
JamesCollofello--JReneVillalobos,,N,N
JamesCollofello--SarmaVrudhula,Y,N,N
JamesCollofello--ErinWalker,Y,N,N
JamesCollofello--CaroleJeanWu,Y,N,N
JamesCollofello--TeresaWu,Y,N,N
JamesCollofello--GuoliangXue,Y,N,N
JamesCollofello--YezhouYang,N,N,N
JamesCollofello--NongYe,N,N,N
JamesCollofello--StephenSYau,N,Y,N
ParthaDasgupta--HasanDavulcu,Y,N,N
ParthaDasgupta--AdamDoupe,Y,Y,Y
ParthaDasgupta--GeorgiosFainekos,N,N,N
ParthaDasgupta--AshrafGaffar,Y,N,N
ParthaDasgupta--KevinGary,Y,N,N
ParthaDasgupta--EsmaGel,Y,N,N
ParthaDasgupta--JavierGonzalezSanchez,Y,N,N
ParthaDasgupta--SandeepGupta,Y,Y,N
ParthaDasgupta--DianneHansford,N,N,N
ParthaDasgupta--JingruiHe,Y,N,N
ParthaDasgupta--DijiangHuang,Y,N,N
ParthaDasgupta--FengJu,Y,N,N
ParthaDasgupta--SubbaraoKambhampati,Y,N,N
ParthaDasgupta--JoohyungLee,Y,N,N
ParthaDasgupta--YannHangLee,Y,Y,Y
ParthaDasgupta--BaoxinLi,N,N,N
ParthaDasgupta--TimLindquist,N,N,N
ParthaDasgupta--RossMaciejewski,Y,N,N
ParthaDasgupta--RyanMeuth,Y,N,N
ParthaDasgupta--PituMirchandani,Y,N,N
ParthaDasgupta--BrianNelson,Y,N,N
ParthaDasgupta--RongPan,N,N,N
ParthaDasgupta--SethuramanPanchanathan,N,N,Y
ParthaDasgupta--PaoloPapotti,Y,N,N
ParthaDasgupta--GiuliaPedrielli,Y,N,N
ParthaDasgupta--FengboRen,Y,N,N
ParthaDasgupta--AndreaWRicha,Y,N,N
ParthaDasgupta--GeorgeRunger,Y,N,N
ParthaDasgupta--HessamSarjoughian,N,N,N
ParthaDasgupta--MohamedSarwat,Y,N,N
ParthaDasgupta--ArunabhaSen,N,N,N
ParthaDasgupta--PauloShakarian,Y,Y,N
ParthaDasgupta--AviralShrivastava,N,N,N
ParthaDasgupta--DanShunk,N,N,N
ParthaDasgupta--VioletSyrotiuk,N,N,N
ParthaDasgupta--HanghangTong,N,N,N
ParthaDasgupta--KurtVanLehn,Y,N,N
ParthaDasgupta--JReneVillalobos,,N,N
ParthaDasgupta--SarmaVrudhula,Y,N,N
ParthaDasgupta--ErinWalker,Y,N,N
ParthaDasgupta--CaroleJeanWu,Y,N,N
ParthaDasgupta--TeresaWu,Y,N,N
ParthaDasgupta--GuoliangXue,N,Y,N
ParthaDasgupta--YezhouYang,N,N,N
ParthaDasgupta--NongYe,N,N,N
ParthaDasgupta--StephenSYau,N,Y,N
HasanDavulcu--AdamDoupe,Y,N,N
HasanDavulcu--GeorgiosFainekos,Y,N,N
HasanDavulcu--AshrafGaffar,N,N,N
HasanDavulcu--KevinGary,N,N,N
HasanDavulcu--EsmaGel,N,N,N
HasanDavulcu--JavierGonzalezSanchez,N,N,N
HasanDavulcu--SandeepGupta,Y,N,N
HasanDavulcu--DianneHansford,N,N,N
HasanDavulcu--JingruiHe,N,N,N
HasanDavulcu--DijiangHuang,N,N,N
HasanDavulcu--FengJu,N,N,N
HasanDavulcu--SubbaraoKambhampati,Y,N,N
HasanDavulcu--JoohyungLee,N,N,N
HasanDavulcu--YannHangLee,N,N,N
HasanDavulcu--BaoxinLi,N,N,N
HasanDavulcu--TimLindquist,Y,N,N
HasanDavulcu--RossMaciejewski,N,N,N
HasanDavulcu--RyanMeuth,Y,N,N
HasanDavulcu--PituMirchandani,Y,N,N
HasanDavulcu--BrianNelson,Y,N,Y
HasanDavulcu--RongPan,Y,N,N
HasanDavulcu--SethuramanPanchanathan,N,N,N
HasanDavulcu--PaoloPapotti,N,Y,Y
HasanDavulcu--GiuliaPedrielli,N,N,N
HasanDavulcu--FengboRen,Y,N,N
HasanDavulcu--AndreaWRicha,N,N,N
HasanDavulcu--GeorgeRunger,Y,N,Y
HasanDavulcu--HessamSarjoughian,Y,N,N
HasanDavulcu--MohamedSarwat,Y,N,Y
HasanDavulcu--ArunabhaSen,Y,N,N
HasanDavulcu--PauloShakarian,Y,N,N
HasanDavulcu--AviralShrivastava,N,N,N
HasanDavulcu--DanShunk,N,N,N
HasanDavulcu--VioletSyrotiuk,Y,N,N
HasanDavulcu--HanghangTong,N,N,Y
HasanDavulcu--KurtVanLehn,Y,N,N
HasanDavulcu--JReneVillalobos,,N,N
HasanDavulcu--SarmaVrudhula,N,N,N
HasanDavulcu--ErinWalker,Y,N,N
HasanDavulcu--CaroleJeanWu,Y,N,N
HasanDavulcu--TeresaWu,Y,N,N
HasanDavulcu--GuoliangXue,Y,N,N
HasanDavulcu--YezhouYang,N,N,N
HasanDavulcu--NongYe,N,N,Y
HasanDavulcu--StephenSYau,N,N,N
AdamDoupe--GeorgiosFainekos,Y,N,Y
AdamDoupe--AshrafGaffar,N,N,N
AdamDoupe--KevinGary,N,N,N
AdamDoupe--EsmaGel,N,N,N
AdamDoupe--JavierGonzalezSanchez,N,N,N
AdamDoupe--SandeepGupta,N,N,Y
AdamDoupe--DianneHansford,Y,N,N
AdamDoupe--JingruiHe,Y,N,N
AdamDoupe--DijiangHuang,N,N,N
AdamDoupe--FengJu,Y,N,N
AdamDoupe--SubbaraoKambhampati,Y,N,N
AdamDoupe--JoohyungLee,N,N,N
AdamDoupe--YannHangLee,N,N,N
AdamDoupe--BaoxinLi,Y,N,N
AdamDoupe--TimLindquist,Y,N,N
AdamDoupe--RossMaciejewski,N,N,N
AdamDoupe--RyanMeuth,Y,N,N
AdamDoupe--PituMirchandani,Y,N,N
AdamDoupe--BrianNelson,Y,N,N
AdamDoupe--RongPan,N,N,N
AdamDoupe--SethuramanPanchanathan,N,N,N
AdamDoupe--PaoloPapotti,N,N,N
AdamDoupe--GiuliaPedrielli,N,N,N
AdamDoupe--FengboRen,N,N,N
AdamDoupe--AndreaWRicha,N,N,N
AdamDoupe--GeorgeRunger,Y,N,N
AdamDoupe--HessamSarjoughian,Y,N,N
AdamDoupe--MohamedSarwat,Y,N,N
AdamDoupe--ArunabhaSen,N,N,N
AdamDoupe--PauloShakarian,N,Y,Y
AdamDoupe--AviralShrivastava,Y,N,N
AdamDoupe--DanShunk,Y,N,N
AdamDoupe--VioletSyrotiuk,N,N,N
AdamDoupe--HanghangTong,Y,N,N
AdamDoupe--KurtVanLehn,N,N,N
AdamDoupe--JReneVillalobos,,N,N
AdamDoupe--SarmaVrudhula,Y,N,N
AdamDoupe--ErinWalker,N,N,N
AdamDoupe--CaroleJeanWu,N,N,N
AdamDoupe--TeresaWu,N,N,N
AdamDoupe--GuoliangXue,N,Y,Y
AdamDoupe--YezhouYang,N,N,N
AdamDoupe--NongYe,Y,N,N
AdamDoupe--StephenSYau,N,Y,Y
GeorgiosFainekos--AshrafGaffar,Y,N,N
GeorgiosFainekos--KevinGary,N,N,N
GeorgiosFainekos--EsmaGel,Y,N,N
GeorgiosFainekos--JavierGonzalezSanchez,N,N,N
GeorgiosFainekos--SandeepGupta,Y,N,Y
GeorgiosFainekos--DianneHansford,Y,N,N
GeorgiosFainekos--JingruiHe,Y,N,N
GeorgiosFainekos--DijiangHuang,N,N,N
GeorgiosFainekos--FengJu,Y,N,N
GeorgiosFainekos--SubbaraoKambhampati,N,N,N
GeorgiosFainekos--JoohyungLee,N,N,N
GeorgiosFainekos--YannHangLee,Y,N,N
GeorgiosFainekos--BaoxinLi,N,N,N
GeorgiosFainekos--TimLindquist,N,N,N
GeorgiosFainekos--RossMaciejewski,N,N,N
GeorgiosFainekos--RyanMeuth,N,N,N
GeorgiosFainekos--PituMirchandani,Y,N,N
GeorgiosFainekos--BrianNelson,Y,N,N
GeorgiosFainekos--RongPan,Y,N,N
GeorgiosFainekos--SethuramanPanchanathan,N,N,N
GeorgiosFainekos--PaoloPapotti,N,N,N
GeorgiosFainekos--GiuliaPedrielli,Y,N,N
GeorgiosFainekos--FengboRen,Y,N,N
GeorgiosFainekos--AndreaWRicha,Y,N,N
GeorgiosFainekos--GeorgeRunger,Y,N,N
GeorgiosFainekos--HessamSarjoughian,Y,N,N
GeorgiosFainekos--MohamedSarwat,Y,N,N
GeorgiosFainekos--ArunabhaSen,N,N,N
GeorgiosFainekos--PauloShakarian,Y,N,N
GeorgiosFainekos--AviralShrivastava,Y,N,Y
GeorgiosFainekos--DanShunk,N,N,N
GeorgiosFainekos--VioletSyrotiuk,Y,N,N
GeorgiosFainekos--HanghangTong,Y,N,N
GeorgiosFainekos--KurtVanLehn,Y,N,N
GeorgiosFainekos--JReneVillalobos,Y,N,N
GeorgiosFainekos--SarmaVrudhula,N,N,N
GeorgiosFainekos--ErinWalker,N,N,N
GeorgiosFainekos--CaroleJeanWu,N,N,N
GeorgiosFainekos--TeresaWu,Y,N,N
GeorgiosFainekos--GuoliangXue,N,N,N
GeorgiosFainekos--YezhouYang,N,N,N
GeorgiosFainekos--NongYe,N,N,N
GeorgiosFainekos--StephenSYau,Y,N,Y
AshrafGaffar--KevinGary,N,N,Y
AshrafGaffar--EsmaGel,N,N,N
AshrafGaffar--JavierGonzalezSanchez,Y,Y,Y
AshrafGaffar--SandeepGupta,N,N,N
AshrafGaffar--DianneHansford,N,N,N
AshrafGaffar--JingruiHe,N,N,N
AshrafGaffar--DijiangHuang,Y,N,N
AshrafGaffar--FengJu,N,N,N
AshrafGaffar--SubbaraoKambhampati,N,N,N
AshrafGaffar--JoohyungLee,N,N,N
AshrafGaffar--YannHangLee,N,N,N
AshrafGaffar--BaoxinLi,Y,N,N
AshrafGaffar--TimLindquist,N,N,N
AshrafGaffar--RossMaciejewski,N,Y,N
AshrafGaffar--RyanMeuth,N,Y,N
AshrafGaffar--PituMirchandani,Y,N,N
AshrafGaffar--BrianNelson,N,Y,N
AshrafGaffar--RongPan,N,N,N
AshrafGaffar--SethuramanPanchanathan,Y,Y,N
AshrafGaffar--PaoloPapotti,N,N,N
AshrafGaffar--GiuliaPedrielli,Y,N,N
AshrafGaffar--FengboRen,Y,N,N
AshrafGaffar--AndreaWRicha,N,N,N
AshrafGaffar--GeorgeRunger,Y,N,N
AshrafGaffar--HessamSarjoughian,Y,N,N
AshrafGaffar--MohamedSarwat,N,N,N
AshrafGaffar--ArunabhaSen,N,N,N
AshrafGaffar--PauloShakarian,N,N,N
AshrafGaffar--AviralShrivastava,Y,N,N
AshrafGaffar--DanShunk,N,N,N
AshrafGaffar--VioletSyrotiuk,Y,N,N
AshrafGaffar--HanghangTong,Y,N,N
AshrafGaffar--KurtVanLehn,Y,N,N
AshrafGaffar--JReneVillalobos,Y,N,N
AshrafGaffar--SarmaVrudhula,Y,N,N
AshrafGaffar--ErinWalker,Y,Y,N
AshrafGaffar--CaroleJeanWu,Y,N,N
AshrafGaffar--TeresaWu,Y,N,N
AshrafGaffar--GuoliangXue,N,N,N
AshrafGaffar--YezhouYang,Y,N,N
AshrafGaffar--NongYe,N,N,N
AshrafGaffar--StephenSYau,N,N,N
KevinGary--EsmaGel,Y,N,N
KevinGary--JavierGonzalezSanchez,Y,N,N
KevinGary--SandeepGupta,N,N,N
KevinGary--DianneHansford,Y,N,N
KevinGary--JingruiHe,Y,N,N
KevinGary--DijiangHuang,Y,N,N
KevinGary--FengJu,Y,N,N
KevinGary--SubbaraoKambhampati,Y,N,N
KevinGary--JoohyungLee,N,N,N
KevinGary--YannHangLee,N,N,N
KevinGary--BaoxinLi,Y,N,N
KevinGary--TimLindquist,Y,N,N
KevinGary--RossMaciejewski,Y,N,N
KevinGary--RyanMeuth,N,N,N
KevinGary--PituMirchandani,Y,N,N
KevinGary--BrianNelson,N,N,N
KevinGary--RongPan,Y,N,N
KevinGary--SethuramanPanchanathan,N,N,N
KevinGary--PaoloPapotti,N,N,N
KevinGary--GiuliaPedrielli,Y,N,N
KevinGary--FengboRen,N,N,N
KevinGary--AndreaWRicha,N,N,N
KevinGary--GeorgeRunger,N,N,N
KevinGary--HessamSarjoughian,N,N,N
KevinGary--MohamedSarwat,Y,N,N
KevinGary--ArunabhaSen,N,N,N
KevinGary--PauloShakarian,Y,N,N
KevinGary--AviralShrivastava,Y,N,N
KevinGary--DanShunk,N,N,Y
KevinGary--VioletSyrotiuk,Y,N,N
KevinGary--HanghangTong,N,N,N
KevinGary--KurtVanLehn,Y,N,N
KevinGary--JReneVillalobos,Y,N,N
KevinGary--SarmaVrudhula,Y,N,N
KevinGary--ErinWalker,N,Y,N
KevinGary--CaroleJeanWu,N,N,N
KevinGary--TeresaWu,Y,N,Y
KevinGary--GuoliangXue,Y,N,N
KevinGary--YezhouYang,N,N,N
KevinGary--NongYe,N,N,N
KevinGary--StephenSYau,N,N,N
EsmaGel--JavierGonzalezSanchez,N,N,N
EsmaGel--SandeepGupta,N,N,N
EsmaGel--DianneHansford,N,N,N
EsmaGel--JingruiHe,N,N,N
EsmaGel--DijiangHuang,N,N,N
EsmaGel--FengJu,N,Y,Y
EsmaGel--SubbaraoKambhampati,Y,N,N
EsmaGel--JoohyungLee,Y,N,N
EsmaGel--YannHangLee,Y,N,N
EsmaGel--BaoxinLi,Y,N,N
EsmaGel--TimLindquist,Y,N,N
EsmaGel--RossMaciejewski,N,N,N
EsmaGel--RyanMeuth,N,N,N
EsmaGel--PituMirchandani,Y,Y,N
EsmaGel--BrianNelson,N,N,Y
EsmaGel--RongPan,Y,N,N
EsmaGel--SethuramanPanchanathan,Y,N,N
EsmaGel--PaoloPapotti,N,N,N
EsmaGel--GiuliaPedrielli,Y,Y,Y
EsmaGel--FengboRen,N,N,N
EsmaGel--AndreaWRicha,Y,N,N
EsmaGel--GeorgeRunger,N,Y,N
EsmaGel--HessamSarjoughian,N,N,N
EsmaGel--MohamedSarwat,N,N,N
EsmaGel--ArunabhaSen,N,N,N
EsmaGel--PauloShakarian,N,N,N
EsmaGel--AviralShrivastava,N,N,N
EsmaGel--DanShunk,Y,N,N
EsmaGel--VioletSyrotiuk,Y,N,N
EsmaGel--HanghangTong,Y,N,N
EsmaGel--KurtVanLehn,Y,N,N
EsmaGel--JReneVillalobos,Y,Y,N
EsmaGel--SarmaVrudhula,Y,N,N
EsmaGel--ErinWalker,Y,N,N
EsmaGel--CaroleJeanWu,N,N,N
EsmaGel--TeresaWu,N,N,N
EsmaGel--GuoliangXue,N,N,N
EsmaGel--YezhouYang,N,N,N
EsmaGel--NongYe,N,N,N
EsmaGel--StephenSYau,N,N,N
JavierGonzalezSanchez--SandeepGupta,N,N,N
JavierGonzalezSanchez--DianneHansford,Y,N,N
JavierGonzalezSanchez--JingruiHe,Y,N,N
JavierGonzalezSanchez--DijiangHuang,N,N,N
JavierGonzalezSanchez--FengJu,N,N,N
JavierGonzalezSanchez--SubbaraoKambhampati,Y,N,N
JavierGonzalezSanchez--JoohyungLee,N,N,N
JavierGonzalezSanchez--YannHangLee,N,N,N
JavierGonzalezSanchez--BaoxinLi,N,N,N
JavierGonzalezSanchez--TimLindquist,Y,N,Y
JavierGonzalezSanchez--RossMaciejewski,Y,N,N
JavierGonzalezSanchez--RyanMeuth,Y,N,N
JavierGonzalezSanchez--PituMirchandani,N,N,N
JavierGonzalezSanchez--BrianNelson,Y,N,N
JavierGonzalezSanchez--RongPan,Y,N,N
JavierGonzalezSanchez--SethuramanPanchanathan,N,Y,N
JavierGonzalezSanchez--PaoloPapotti,Y,N,N
JavierGonzalezSanchez--GiuliaPedrielli,N,N,N
JavierGonzalezSanchez--FengboRen,N,N,N
JavierGonzalezSanchez--AndreaWRicha,N,N,N
JavierGonzalezSanchez--GeorgeRunger,N,N,N
JavierGonzalezSanchez--HessamSarjoughian,Y,N,N
JavierGonzalezSanchez--MohamedSarwat,N,N,N
JavierGonzalezSanchez--ArunabhaSen,Y,N,N
JavierGonzalezSanchez--PauloShakarian,Y,N,N
JavierGonzalezSanchez--AviralShrivastava,N,N,N
JavierGonzalezSanchez--DanShunk,Y,N,N
JavierGonzalezSanchez--VioletSyrotiuk,Y,N,N
JavierGonzalezSanchez--HanghangTong,Y,N,N
JavierGonzalezSanchez--KurtVanLehn,N,Y,N
JavierGonzalezSanchez--JReneVillalobos,N,N,N
JavierGonzalezSanchez--SarmaVrudhula,Y,N,N
JavierGonzalezSanchez--ErinWalker,N,Y,N
JavierGonzalezSanchez--CaroleJeanWu,Y,N,N
JavierGonzalezSanchez--TeresaWu,Y,N,N
JavierGonzalezSanchez--GuoliangXue,N,N,N
JavierGonzalezSanchez--YezhouYang,N,Y,N
JavierGonzalezSanchez--NongYe,N,N,N
JavierGonzalezSanchez--StephenSYau,N,N,N
SandeepGupta--DianneHansford,N,N,N
SandeepGupta--JingruiHe,N,N,N
SandeepGupta--DijiangHuang,N,N,Y
SandeepGupta--FengJu,N,N,N
SandeepGupta--SubbaraoKambhampati,Y,N,N
SandeepGupta--JoohyungLee,N,N,N
SandeepGupta--YannHangLee,N,Y,N
SandeepGupta--BaoxinLi,N,N,N
SandeepGupta--TimLindquist,N,Y,N
SandeepGupta--RossMaciejewski,N,N,N
SandeepGupta--RyanMeuth,N,N,N
SandeepGupta--PituMirchandani,N,N,N
SandeepGupta--BrianNelson,N,N,N
SandeepGupta--RongPan,N,N,N
SandeepGupta--SethuramanPanchanathan,Y,N,Y
SandeepGupta--PaoloPapotti,N,N,N
SandeepGupta--GiuliaPedrielli,Y,N,N
SandeepGupta--FengboRen,Y,N,N
SandeepGupta--AndreaWRicha,N,Y,N
SandeepGupta--GeorgeRunger,N,N,N
SandeepGupta--HessamSarjoughian,Y,N,N
SandeepGupta--MohamedSarwat,N,N,N
SandeepGupta--ArunabhaSen,N,N,Y
SandeepGupta--PauloShakarian,N,N,N
SandeepGupta--AviralShrivastava,N,N,N
SandeepGupta--DanShunk,N,N,N
SandeepGupta--VioletSyrotiuk,Y,N,Y
SandeepGupta--HanghangTong,N,N,N
SandeepGupta--KurtVanLehn,N,N,N
SandeepGupta--JReneVillalobos,N,N,N
SandeepGupta--SarmaVrudhula,N,N,N
SandeepGupta--ErinWalker,N,N,N
SandeepGupta--CaroleJeanWu,Y,N,N
SandeepGupta--TeresaWu,Y,N,N
SandeepGupta--GuoliangXue,N,N,N
SandeepGupta--YezhouYang,N,Y,N
SandeepGupta--NongYe,N,N,N
SandeepGupta--StephenSYau,N,N,Y
DianneHansford--JingruiHe,Y,N,N
DianneHansford--DijiangHuang,Y,N,N
DianneHansford--FengJu,N,N,N
DianneHansford--SubbaraoKambhampati,Y,N,N
DianneHansford--JoohyungLee,N,N,N
DianneHansford--YannHangLee,N,N,N
DianneHansford--BaoxinLi,Y,N,N
DianneHansford--TimLindquist,Y,N,N
DianneHansford--RossMaciejewski,Y,N,N
DianneHansford--RyanMeuth,Y,N,N
DianneHansford--PituMirchandani,Y,N,N
DianneHansford--BrianNelson,N,N,N
DianneHansford--RongPan,N,N,N
DianneHansford--SethuramanPanchanathan,Y,N,N
DianneHansford--PaoloPapotti,N,N,N
DianneHansford--GiuliaPedrielli,N,N,N
DianneHansford--FengboRen,Y,N,N
DianneHansford--AndreaWRicha,Y,N,N
DianneHansford--GeorgeRunger,N,N,N
DianneHansford--HessamSarjoughian,Y,N,N
DianneHansford--MohamedSarwat,N,N,N
DianneHansford--ArunabhaSen,N,N,N
DianneHansford--PauloShakarian,N,N,N
DianneHansford--AviralShrivastava,N,N,N
DianneHansford--DanShunk,N,N,N
DianneHansford--VioletSyrotiuk,Y,N,N
DianneHansford--HanghangTong,N,N,N
DianneHansford--KurtVanLehn,Y,N,N
DianneHansford--JReneVillalobos,N,N,N
DianneHansford--SarmaVrudhula,N,N,N
DianneHansford--ErinWalker,N,N,N
DianneHansford--CaroleJeanWu,N,N,N
DianneHansford--TeresaWu,N,N,N
DianneHansford--GuoliangXue,N,N,N
DianneHansford--YezhouYang,N,N,N
DianneHansford--NongYe,N,N,N
DianneHansford--StephenSYau,N,N,N
JingruiHe--DijiangHuang,Y,N,N
JingruiHe--FengJu,N,N,N
JingruiHe--SubbaraoKambhampati,Y,N,Y
JingruiHe--JoohyungLee,N,N,N
JingruiHe--YannHangLee,Y,N,N
JingruiHe--BaoxinLi,N,N,Y
JingruiHe--TimLindquist,N,N,N
JingruiHe--RossMaciejewski,N,N,N
JingruiHe--RyanMeuth,N,N,N
JingruiHe--PituMirchandani,N,N,N
JingruiHe--BrianNelson,Y,N,Y
JingruiHe--RongPan,N,N,N
JingruiHe--SethuramanPanchanathan,N,N,N
JingruiHe--PaoloPapotti,N,N,N
JingruiHe--GiuliaPedrielli,N,N,N
JingruiHe--FengboRen,N,N,N
JingruiHe--AndreaWRicha,N,N,N
JingruiHe--GeorgeRunger,N,N,Y
JingruiHe--HessamSarjoughian,N,N,N
JingruiHe--MohamedSarwat,Y,N,N
JingruiHe--ArunabhaSen,N,N,N
JingruiHe--PauloShakarian,Y,N,N
JingruiHe--AviralShrivastava,Y,N,N
JingruiHe--DanShunk,Y,N,N
JingruiHe--VioletSyrotiuk,Y,N,N
JingruiHe--HanghangTong,Y,N,Y
JingruiHe--KurtVanLehn,Y,N,Y
JingruiHe--JReneVillalobos,N,N,N
JingruiHe--SarmaVrudhula,Y,N,N
JingruiHe--ErinWalker,N,N,Y
JingruiHe--CaroleJeanWu,N,N,N
JingruiHe--TeresaWu,Y,N,N
JingruiHe--GuoliangXue,N,N,N
JingruiHe--YezhouYang,N,N,N
JingruiHe--NongYe,Y,N,N
JingruiHe--StephenSYau,N,N,N
DijiangHuang--FengJu,N,N,N
DijiangHuang--SubbaraoKambhampati,N,N,N
DijiangHuang--JoohyungLee,N,N,N
DijiangHuang--YannHangLee,Y,N,N
DijiangHuang--BaoxinLi,N,N,N
DijiangHuang--TimLindquist,Y,N,N
DijiangHuang--RossMaciejewski,N,N,N
DijiangHuang--RyanMeuth,Y,N,N
DijiangHuang--PituMirchandani,N,N,N
DijiangHuang--BrianNelson,N,N,N
DijiangHuang--RongPan,Y,N,N
DijiangHuang--SethuramanPanchanathan,Y,N,Y
DijiangHuang--PaoloPapotti,Y,N,N
DijiangHuang--GiuliaPedrielli,Y,N,N
DijiangHuang--FengboRen,N,N,N
DijiangHuang--AndreaWRicha,Y,N,Y
DijiangHuang--GeorgeRunger,N,N,N
DijiangHuang--HessamSarjoughian,N,N,N
DijiangHuang--MohamedSarwat,N,N,N
DijiangHuang--ArunabhaSen,Y,N,Y
DijiangHuang--PauloShakarian,N,N,N
DijiangHuang--AviralShrivastava,N,N,N
DijiangHuang--DanShunk,N,N,N
DijiangHuang--VioletSyrotiuk,N,N,Y
DijiangHuang--HanghangTong,Y,N,N
DijiangHuang--KurtVanLehn,Y,N,N
DijiangHuang--JReneVillalobos,Y,N,N
DijiangHuang--SarmaVrudhula,Y,N,N
DijiangHuang--ErinWalker,Y,N,N
DijiangHuang--CaroleJeanWu,N,N,N
DijiangHuang--TeresaWu,Y,N,N
DijiangHuang--GuoliangXue,N,N,N
DijiangHuang--YezhouYang,N,N,N
DijiangHuang--NongYe,N,N,N
DijiangHuang--StephenSYau,N,N,N
FengJu--SubbaraoKambhampati,Y,N,N
FengJu--JoohyungLee,N,N,N
FengJu--YannHangLee,N,N,N
FengJu--BaoxinLi,N,N,N
FengJu--TimLindquist,N,N,N
FengJu--RossMaciejewski,N,N,N
FengJu--RyanMeuth,Y,N,N
FengJu--PituMirchandani,N,N,N
FengJu--BrianNelson,N,N,N
FengJu--RongPan,Y,N,N
FengJu--SethuramanPanchanathan,Y,N,N
FengJu--PaoloPapotti,Y,N,N
FengJu--GiuliaPedrielli,N,N,N
FengJu--FengboRen,N,N,N
FengJu--AndreaWRicha,Y,N,N
FengJu--GeorgeRunger,Y,N,N
FengJu--HessamSarjoughian,N,N,N
FengJu--MohamedSarwat,Y,N,N
FengJu--ArunabhaSen,N,N,N
FengJu--PauloShakarian,Y,N,N
FengJu--AviralShrivastava,Y,N,N
FengJu--DanShunk,N,N,N
FengJu--VioletSyrotiuk,N,N,N
FengJu--HanghangTong,Y,N,N
FengJu--KurtVanLehn,N,N,N
FengJu--JReneVillalobos,Y,N,N
FengJu--SarmaVrudhula,N,N,N
FengJu--ErinWalker,Y,N,N
FengJu--CaroleJeanWu,N,N,N
FengJu--TeresaWu,N,N,N
FengJu--GuoliangXue,N,N,N
FengJu--YezhouYang,N,N,N
FengJu--NongYe,N,N,N
FengJu--StephenSYau,N,N,N
SubbaraoKambhampati--JoohyungLee,Y,N,N
SubbaraoKambhampati--YannHangLee,N,N,N
SubbaraoKambhampati--BaoxinLi,Y,N,N
SubbaraoKambhampati--TimLindquist,Y,N,N
SubbaraoKambhampati--RossMaciejewski,Y,N,N
SubbaraoKambhampati--RyanMeuth,Y,N,N
SubbaraoKambhampati--PituMirchandani,Y,N,N
SubbaraoKambhampati--BrianNelson,Y,N,N
SubbaraoKambhampati--RongPan,N,N,N
SubbaraoKambhampati--SethuramanPanchanathan,N,N,N
SubbaraoKambhampati--PaoloPapotti,Y,N,N
SubbaraoKambhampati--GiuliaPedrielli,N,N,N
SubbaraoKambhampati--FengboRen,Y,N,N
SubbaraoKambhampati--AndreaWRicha,N,N,N
SubbaraoKambhampati--GeorgeRunger,Y,N,N
SubbaraoKambhampati--HessamSarjoughian,N,N,N
SubbaraoKambhampati--MohamedSarwat,Y,N,N
SubbaraoKambhampati--ArunabhaSen,Y,N,N
SubbaraoKambhampati--PauloShakarian,Y,N,N
SubbaraoKambhampati--AviralShrivastava,Y,N,N
SubbaraoKambhampati--DanShunk,Y,N,N
SubbaraoKambhampati--VioletSyrotiuk,Y,N,N
SubbaraoKambhampati--HanghangTong,Y,N,N
SubbaraoKambhampati--KurtVanLehn,N,N,N
SubbaraoKambhampati--JReneVillalobos,Y,N,N
SubbaraoKambhampati--SarmaVrudhula,N,N,N
SubbaraoKambhampati--ErinWalker,Y,N,N
SubbaraoKambhampati--CaroleJeanWu,Y,N,N
SubbaraoKambhampati--TeresaWu,Y,N,N
SubbaraoKambhampati--GuoliangXue,N,N,N
SubbaraoKambhampati--YezhouYang,N,N,N
SubbaraoKambhampati--NongYe,N,N,N
SubbaraoKambhampati--StephenSYau,N,N,N
JoohyungLee--YannHangLee,Y,N,N
JoohyungLee--BaoxinLi,N,N,N
JoohyungLee--TimLindquist,N,N,N
JoohyungLee--RossMaciejewski,N,N,N
JoohyungLee--RyanMeuth,N,N,N
JoohyungLee--PituMirchandani,N,N,N
JoohyungLee--BrianNelson,Y,N,N
JoohyungLee--RongPan,Y,N,N
JoohyungLee--SethuramanPanchanathan,N,N,N
JoohyungLee--PaoloPapotti,Y,N,N
JoohyungLee--GiuliaPedrielli,N,N,N
JoohyungLee--FengboRen,N,N,N
JoohyungLee--AndreaWRicha,N,N,N
JoohyungLee--GeorgeRunger,N,N,N
JoohyungLee--HessamSarjoughian,Y,N,N
JoohyungLee--MohamedSarwat,N,N,N
JoohyungLee--ArunabhaSen,N,N,N
JoohyungLee--PauloShakarian,Y,N,N
JoohyungLee--AviralShrivastava,Y,N,N
JoohyungLee--DanShunk,Y,N,N
JoohyungLee--VioletSyrotiuk,N,N,N
JoohyungLee--HanghangTong,Y,N,N
JoohyungLee--KurtVanLehn,N,N,N
JoohyungLee--JReneVillalobos,Y,N,N
JoohyungLee--SarmaVrudhula,N,N,N
JoohyungLee--ErinWalker,Y,N,N
JoohyungLee--CaroleJeanWu,N,N,N
JoohyungLee--TeresaWu,Y,N,N
JoohyungLee--GuoliangXue,Y,N,N
JoohyungLee--YezhouYang,N,N,N
JoohyungLee--NongYe,N,N,N
JoohyungLee--StephenSYau,N,N,N
YannHangLee--BaoxinLi,Y,N,N
YannHangLee--TimLindquist,N,N,N
YannHangLee--RossMaciejewski,N,N,N
YannHangLee--RyanMeuth,N,N,N
YannHangLee--PituMirchandani,Y,N,N
YannHangLee--BrianNelson,N,N,N
YannHangLee--RongPan,N,N,N
YannHangLee--SethuramanPanchanathan,Y,N,N
YannHangLee--PaoloPapotti,Y,N,N
YannHangLee--GiuliaPedrielli,N,N,N
YannHangLee--FengboRen,N,N,N
YannHangLee--AndreaWRicha,N,N,N
YannHangLee--GeorgeRunger,N,N,N
YannHangLee--HessamSarjoughian,Y,N,N
YannHangLee--MohamedSarwat,N,N,N
YannHangLee--ArunabhaSen,N,N,N
YannHangLee--PauloShakarian,Y,N,N
YannHangLee--AviralShrivastava,N,N,Y
YannHangLee--DanShunk,N,N,N
YannHangLee--VioletSyrotiuk,N,N,N
YannHangLee--HanghangTong,N,N,N
YannHangLee--KurtVanLehn,N,N,N
YannHangLee--JReneVillalobos,N,N,N
YannHangLee--SarmaVrudhula,Y,N,N
YannHangLee--ErinWalker,Y,N,N
YannHangLee--CaroleJeanWu,Y,N,N
YannHangLee--TeresaWu,Y,N,N
YannHangLee--GuoliangXue,N,N,N
YannHangLee--YezhouYang,N,N,N
YannHangLee--NongYe,N,N,N
YannHangLee--StephenSYau,N,N,N
BaoxinLi--TimLindquist,N,N,N
BaoxinLi--RossMaciejewski,Y,N,N
BaoxinLi--RyanMeuth,N,N,N
BaoxinLi--PituMirchandani,N,N,N
BaoxinLi--BrianNelson,Y,N,N
BaoxinLi--RongPan,N,N,N
BaoxinLi--SethuramanPanchanathan,Y,N,N
BaoxinLi--PaoloPapotti,N,N,N
BaoxinLi--GiuliaPedrielli,N,N,N
BaoxinLi--FengboRen,N,N,N
BaoxinLi--AndreaWRicha,Y,N,N
BaoxinLi--GeorgeRunger,N,N,N
BaoxinLi--HessamSarjoughian,Y,N,N
BaoxinLi--MohamedSarwat,Y,N,N
BaoxinLi--ArunabhaSen,N,N,N
BaoxinLi--PauloShakarian,N,N,N
BaoxinLi--AviralShrivastava,Y,N,N
BaoxinLi--DanShunk,N,N,N
BaoxinLi--VioletSyrotiuk,N,N,N
BaoxinLi--HanghangTong,N,Y,N
BaoxinLi--KurtVanLehn,N,N,Y
BaoxinLi--JReneVillalobos,N,N,N
BaoxinLi--SarmaVrudhula,Y,N,N
BaoxinLi--ErinWalker,Y,N,N
BaoxinLi--CaroleJeanWu,N,N,N
BaoxinLi--TeresaWu,N,N,N
BaoxinLi--GuoliangXue,N,N,N
BaoxinLi--YezhouYang,N,N,Y
BaoxinLi--NongYe,N,N,N
BaoxinLi--StephenSYau,N,N,N
TimLindquist--RossMaciejewski,N,N,N
TimLindquist--RyanMeuth,Y,N,N
TimLindquist--PituMirchandani,N,N,N
TimLindquist--BrianNelson,Y,N,N
TimLindquist--RongPan,N,N,N
TimLindquist--SethuramanPanchanathan,N,N,N
TimLindquist--PaoloPapotti,N,N,N
TimLindquist--GiuliaPedrielli,N,N,N
TimLindquist--FengboRen,N,N,N
TimLindquist--AndreaWRicha,N,N,N
TimLindquist--GeorgeRunger,N,N,N
TimLindquist--HessamSarjoughian,Y,N,N
TimLindquist--MohamedSarwat,Y,N,N
TimLindquist--ArunabhaSen,N,N,N
TimLindquist--PauloShakarian,Y,N,N
TimLindquist--AviralShrivastava,Y,N,N
TimLindquist--DanShunk,Y,N,N
TimLindquist--VioletSyrotiuk,N,N,N
TimLindquist--HanghangTong,N,N,N
TimLindquist--KurtVanLehn,Y,N,N
TimLindquist--JReneVillalobos,Y,N,N
TimLindquist--SarmaVrudhula,N,N,N
TimLindquist--ErinWalker,Y,N,N
TimLindquist--CaroleJeanWu,N,N,N
TimLindquist--TeresaWu,Y,N,N
TimLindquist--GuoliangXue,N,N,N
TimLindquist--YezhouYang,Y,N,N
TimLindquist--NongYe,Y,N,N
TimLindquist--StephenSYau,N,N,N
RossMaciejewski--RyanMeuth,Y,N,N
RossMaciejewski--PituMirchandani,N,N,N
RossMaciejewski--BrianNelson,N,N,N
RossMaciejewski--RongPan,N,N,N
RossMaciejewski--SethuramanPanchanathan,N,N,N
RossMaciejewski--PaoloPapotti,N,N,N
RossMaciejewski--GiuliaPedrielli,Y,N,N
RossMaciejewski--FengboRen,N,N,N
RossMaciejewski--AndreaWRicha,Y,N,N
RossMaciejewski--GeorgeRunger,Y,N,N
RossMaciejewski--HessamSarjoughian,Y,N,N
RossMaciejewski--MohamedSarwat,Y,N,N
RossMaciejewski--ArunabhaSen,N,N,N
RossMaciejewski--PauloShakarian,Y,N,N
RossMaciejewski--AviralShrivastava,N,N,N
RossMaciejewski--DanShunk,Y,N,N
RossMaciejewski--VioletSyrotiuk,N,N,N
RossMaciejewski--HanghangTong,N,N,N
RossMaciejewski--KurtVanLehn,Y,N,N
RossMaciejewski--JReneVillalobos,N,N,N
RossMaciejewski--SarmaVrudhula,N,N,N
RossMaciejewski--ErinWalker,N,N,N
RossMaciejewski--CaroleJeanWu,N,N,N
RossMaciejewski--TeresaWu,Y,N,N
RossMaciejewski--GuoliangXue,N,N,N
RossMaciejewski--YezhouYang,N,N,N
RossMaciejewski--NongYe,N,N,N
RossMaciejewski--StephenSYau,N,N,N
RyanMeuth--PituMirchandani,Y,N,N
RyanMeuth--BrianNelson,Y,N,N
RyanMeuth--RongPan,N,N,N
RyanMeuth--SethuramanPanchanathan,Y,Y,N
RyanMeuth--PaoloPapotti,Y,N,N
RyanMeuth--GiuliaPedrielli,N,N,N
RyanMeuth--FengboRen,N,N,N
RyanMeuth--AndreaWRicha,Y,N,N
RyanMeuth--GeorgeRunger,N,N,N
RyanMeuth--HessamSarjoughian,N,N,N
RyanMeuth--MohamedSarwat,Y,N,N
RyanMeuth--ArunabhaSen,Y,N,N
RyanMeuth--PauloShakarian,Y,N,N
RyanMeuth--AviralShrivastava,Y,N,N
RyanMeuth--DanShunk,Y,N,N
RyanMeuth--VioletSyrotiuk,N,N,N
RyanMeuth--HanghangTong,N,N,N
RyanMeuth--KurtVanLehn,Y,N,N
RyanMeuth--JReneVillalobos,Y,N,N
RyanMeuth--SarmaVrudhula,Y,N,N
RyanMeuth--ErinWalker,N,Y,Y
RyanMeuth--CaroleJeanWu,Y,N,N
RyanMeuth--TeresaWu,Y,N,N
RyanMeuth--GuoliangXue,N,N,N
RyanMeuth--YezhouYang,N,N,N
RyanMeuth--NongYe,N,N,N
RyanMeuth--StephenSYau,N,N,N
PituMirchandani--BrianNelson,Y,N,N
PituMirchandani--RongPan,Y,N,N
PituMirchandani--SethuramanPanchanathan,Y,N,N
PituMirchandani--PaoloPapotti,N,N,N
PituMirchandani--GiuliaPedrielli,Y,Y,N
PituMirchandani--FengboRen,N,N,N
PituMirchandani--AndreaWRicha,N,N,N
PituMirchandani--GeorgeRunger,N,Y,N
PituMirchandani--HessamSarjoughian,N,N,N
PituMirchandani--MohamedSarwat,Y,N,N
PituMirchandani--ArunabhaSen,N,N,N
PituMirchandani--PauloShakarian,Y,N,N
PituMirchandani--AviralShrivastava,N,N,N
PituMirchandani--DanShunk,Y,N,N
PituMirchandani--VioletSyrotiuk,Y,N,N
PituMirchandani--HanghangTong,Y,N,N
PituMirchandani--KurtVanLehn,N,N,N
PituMirchandani--JReneVillalobos,Y,Y,N
PituMirchandani--SarmaVrudhula,N,N,N
PituMirchandani--ErinWalker,N,N,N
PituMirchandani--CaroleJeanWu,Y,N,N
PituMirchandani--TeresaWu,N,N,N
PituMirchandani--GuoliangXue,Y,N,N
PituMirchandani--YezhouYang,N,N,N
PituMirchandani--NongYe,N,N,N
PituMirchandani--StephenSYau,N,N,N
BrianNelson--RongPan,Y,N,N
BrianNelson--SethuramanPanchanathan,Y,Y,N
BrianNelson--PaoloPapotti,N,N,N
BrianNelson--GiuliaPedrielli,Y,N,N
BrianNelson--FengboRen,N,N,N
BrianNelson--AndreaWRicha,N,N,N
BrianNelson--GeorgeRunger,Y,N,N
BrianNelson--HessamSarjoughian,Y,N,N
BrianNelson--MohamedSarwat,N,N,N
BrianNelson--ArunabhaSen,N,N,N
BrianNelson--PauloShakarian,N,N,N
BrianNelson--AviralShrivastava,Y,N,N
BrianNelson--DanShunk,Y,N,N
BrianNelson--VioletSyrotiuk,N,N,N
BrianNelson--HanghangTong,Y,N,N
BrianNelson--KurtVanLehn,N,N,N
BrianNelson--JReneVillalobos,N,N,N
BrianNelson--SarmaVrudhula,N,N,N
BrianNelson--ErinWalker,Y,Y,Y
BrianNelson--CaroleJeanWu,Y,N,N
BrianNelson--TeresaWu,Y,N,N
BrianNelson--GuoliangXue,N,N,N
BrianNelson--YezhouYang,N,N,N
BrianNelson--NongYe,N,N,N
BrianNelson--StephenSYau,N,N,N
RongPan--SethuramanPanchanathan,N,N,N
RongPan--PaoloPapotti,Y,N,N
RongPan--GiuliaPedrielli,N,N,N
RongPan--FengboRen,Y,N,N
RongPan--AndreaWRicha,N,N,N
RongPan--GeorgeRunger,Y,N,N
RongPan--HessamSarjoughian,N,N,N
RongPan--MohamedSarwat,N,N,N
RongPan--ArunabhaSen,Y,N,N
RongPan--PauloShakarian,N,N,N
RongPan--AviralShrivastava,Y,N,N
RongPan--DanShunk,N,N,N
RongPan--VioletSyrotiuk,N,N,N
RongPan--HanghangTong,Y,N,N
RongPan--KurtVanLehn,Y,N,N
RongPan--JReneVillalobos,Y,N,N
RongPan--SarmaVrudhula,N,N,N
RongPan--ErinWalker,N,N,N
RongPan--CaroleJeanWu,N,N,N
RongPan--TeresaWu,Y,N,N
RongPan--GuoliangXue,N,N,N
RongPan--YezhouYang,Y,N,N
RongPan--NongYe,N,N,N
RongPan--StephenSYau,N,N,N
SethuramanPanchanathan--PaoloPapotti,N,N,N
SethuramanPanchanathan--GiuliaPedrielli,N,N,N
SethuramanPanchanathan--FengboRen,Y,N,N
SethuramanPanchanathan--AndreaWRicha,Y,N,N
SethuramanPanchanathan--GeorgeRunger,N,N,N
SethuramanPanchanathan--HessamSarjoughian,Y,N,N
SethuramanPanchanathan--MohamedSarwat,Y,N,N
SethuramanPanchanathan--ArunabhaSen,N,N,N
SethuramanPanchanathan--PauloShakarian,Y,N,N
SethuramanPanchanathan--AviralShrivastava,N,N,N
SethuramanPanchanathan--DanShunk,N,N,N
SethuramanPanchanathan--VioletSyrotiuk,N,N,N
SethuramanPanchanathan--HanghangTong,N,N,N
SethuramanPanchanathan--KurtVanLehn,Y,Y,N
SethuramanPanchanathan--JReneVillalobos,N,N,N
SethuramanPanchanathan--SarmaVrudhula,N,N,N
SethuramanPanchanathan--ErinWalker,Y,Y,Y
SethuramanPanchanathan--CaroleJeanWu,Y,N,N
SethuramanPanchanathan--TeresaWu,Y,N,N
SethuramanPanchanathan--GuoliangXue,N,N,N
SethuramanPanchanathan--YezhouYang,N,N,N
SethuramanPanchanathan--NongYe,N,N,N
SethuramanPanchanathan--StephenSYau,N,N,N
PaoloPapotti--GiuliaPedrielli,Y,N,N
PaoloPapotti--FengboRen,N,N,N
PaoloPapotti--AndreaWRicha,Y,N,N
PaoloPapotti--GeorgeRunger,Y,N,N
PaoloPapotti--HessamSarjoughian,Y,N,N
PaoloPapotti--MohamedSarwat,Y,N,N
PaoloPapotti--ArunabhaSen,Y,N,N
PaoloPapotti--PauloShakarian,N,N,N
PaoloPapotti--AviralShrivastava,N,N,N
PaoloPapotti--DanShunk,Y,N,N
PaoloPapotti--VioletSyrotiuk,Y,N,N
PaoloPapotti--HanghangTong,Y,N,N
PaoloPapotti--KurtVanLehn,N,N,N
PaoloPapotti--JReneVillalobos,Y,N,N
PaoloPapotti--SarmaVrudhula,Y,N,N
PaoloPapotti--ErinWalker,N,N,N
PaoloPapotti--CaroleJeanWu,N,N,N
PaoloPapotti--TeresaWu,N,N,N
PaoloPapotti--GuoliangXue,N,N,N
PaoloPapotti--YezhouYang,N,N,N
PaoloPapotti--NongYe,N,N,N
PaoloPapotti--StephenSYau,N,N,N
GiuliaPedrielli--FengboRen,N,N,N
GiuliaPedrielli--AndreaWRicha,Y,N,N
GiuliaPedrielli--GeorgeRunger,N,Y,N
GiuliaPedrielli--HessamSarjoughian,N,N,N
GiuliaPedrielli--MohamedSarwat,Y,N,N
GiuliaPedrielli--ArunabhaSen,N,N,N
GiuliaPedrielli--PauloShakarian,N,N,N
GiuliaPedrielli--AviralShrivastava,N,N,N
GiuliaPedrielli--DanShunk,Y,N,N
GiuliaPedrielli--VioletSyrotiuk,N,N,N
GiuliaPedrielli--HanghangTong,N,N,N
GiuliaPedrielli--KurtVanLehn,Y,N,Y
GiuliaPedrielli--JReneVillalobos,Y,Y,N
GiuliaPedrielli--SarmaVrudhula,Y,N,N
GiuliaPedrielli--ErinWalker,N,N,Y
GiuliaPedrielli--CaroleJeanWu,N,N,N
GiuliaPedrielli--TeresaWu,N,N,N
GiuliaPedrielli--GuoliangXue,Y,N,N
GiuliaPedrielli--YezhouYang,N,N,N
GiuliaPedrielli--NongYe,Y,N,N
GiuliaPedrielli--StephenSYau,N,N,N
FengboRen--AndreaWRicha,N,N,N
FengboRen--GeorgeRunger,Y,N,N
FengboRen--HessamSarjoughian,Y,N,N
FengboRen--MohamedSarwat,N,N,N
FengboRen--ArunabhaSen,N,N,N
FengboRen--PauloShakarian,Y,N,N
FengboRen--AviralShrivastava,N,N,Y
FengboRen--DanShunk,Y,N,N
FengboRen--VioletSyrotiuk,N,N,N
FengboRen--HanghangTong,Y,N,N
FengboRen--KurtVanLehn,N,N,N
FengboRen--JReneVillalobos,N,N,N
FengboRen--SarmaVrudhula,Y,N,Y
FengboRen--ErinWalker,N,N,N
FengboRen--CaroleJeanWu,Y,N,N
FengboRen--TeresaWu,Y,N,N
FengboRen--GuoliangXue,N,N,N
FengboRen--YezhouYang,N,N,N
FengboRen--NongYe,Y,N,N
FengboRen--StephenSYau,N,N,N
AndreaWRicha--GeorgeRunger,N,N,N
AndreaWRicha--HessamSarjoughian,N,N,N
AndreaWRicha--MohamedSarwat,Y,N,N
AndreaWRicha--ArunabhaSen,Y,N,Y
AndreaWRicha--PauloShakarian,N,N,N
AndreaWRicha--AviralShrivastava,N,N,N
AndreaWRicha--DanShunk,Y,N,N
AndreaWRicha--VioletSyrotiuk,Y,N,N
AndreaWRicha--HanghangTong,Y,N,N
AndreaWRicha--KurtVanLehn,N,N,N
AndreaWRicha--JReneVillalobos,N,N,N
AndreaWRicha--SarmaVrudhula,N,N,N
AndreaWRicha--ErinWalker,N,N,N
AndreaWRicha--CaroleJeanWu,N,N,N
AndreaWRicha--TeresaWu,Y,N,N
AndreaWRicha--GuoliangXue,Y,N,N
AndreaWRicha--YezhouYang,N,N,N
AndreaWRicha--NongYe,Y,N,N
AndreaWRicha--StephenSYau,N,N,N
GeorgeRunger--HessamSarjoughian,Y,N,N
GeorgeRunger--MohamedSarwat,Y,N,N
GeorgeRunger--ArunabhaSen,N,N,N
GeorgeRunger--PauloShakarian,Y,N,N
GeorgeRunger--AviralShrivastava,Y,N,N
GeorgeRunger--DanShunk,Y,N,N
GeorgeRunger--VioletSyrotiuk,N,N,N
GeorgeRunger--HanghangTong,Y,Y,Y
GeorgeRunger--KurtVanLehn,N,N,N
GeorgeRunger--JReneVillalobos,Y,N,N
GeorgeRunger--SarmaVrudhula,Y,N,N
GeorgeRunger--ErinWalker,N,N,N
GeorgeRunger--CaroleJeanWu,N,N,N
GeorgeRunger--TeresaWu,Y,N,N
GeorgeRunger--GuoliangXue,N,N,N
GeorgeRunger--YezhouYang,N,N,N
GeorgeRunger--NongYe,N,N,N
GeorgeRunger--StephenSYau,N,N,N
HessamSarjoughian--MohamedSarwat,N,N,N
HessamSarjoughian--ArunabhaSen,N,N,N
HessamSarjoughian--PauloShakarian,Y,N,N
HessamSarjoughian--AviralShrivastava,N,N,N
HessamSarjoughian--DanShunk,Y,N,N
HessamSarjoughian--VioletSyrotiuk,Y,N,N
HessamSarjoughian--HanghangTong,Y,N,N
HessamSarjoughian--KurtVanLehn,N,N,N
HessamSarjoughian--JReneVillalobos,N,N,N
HessamSarjoughian--SarmaVrudhula,Y,N,N
HessamSarjoughian--ErinWalker,N,N,N
HessamSarjoughian--CaroleJeanWu,N,N,N
HessamSarjoughian--TeresaWu,N,N,N
HessamSarjoughian--GuoliangXue,N,N,N
HessamSarjoughian--YezhouYang,N,N,N
HessamSarjoughian--NongYe,N,N,N
HessamSarjoughian--StephenSYau,N,N,N
MohamedSarwat--ArunabhaSen,Y,N,N
MohamedSarwat--PauloShakarian,N,N,N
MohamedSarwat--AviralShrivastava,Y,N,N
MohamedSarwat--DanShunk,N,N,N
MohamedSarwat--VioletSyrotiuk,Y,N,N
MohamedSarwat--HanghangTong,Y,N,N
MohamedSarwat--KurtVanLehn,Y,N,N
MohamedSarwat--JReneVillalobos,N,N,N
MohamedSarwat--SarmaVrudhula,N,N,N
MohamedSarwat--ErinWalker,N,N,N
MohamedSarwat--CaroleJeanWu,Y,N,N
MohamedSarwat--TeresaWu,Y,N,N
MohamedSarwat--GuoliangXue,N,N,N
MohamedSarwat--YezhouYang,Y,N,N
MohamedSarwat--NongYe,N,N,N
MohamedSarwat--StephenSYau,Y,N,N
ArunabhaSen--PauloShakarian,N,N,N
ArunabhaSen--AviralShrivastava,Y,N,N
ArunabhaSen--DanShunk,Y,N,N
ArunabhaSen--VioletSyrotiuk,Y,Y,Y
ArunabhaSen--HanghangTong,N,N,N
ArunabhaSen--KurtVanLehn,N,N,N
ArunabhaSen--JReneVillalobos,N,N,N
ArunabhaSen--SarmaVrudhula,Y,N,Y
ArunabhaSen--ErinWalker,Y,N,N
ArunabhaSen--CaroleJeanWu,Y,N,N
ArunabhaSen--TeresaWu,N,N,N
ArunabhaSen--GuoliangXue,N,N,N
ArunabhaSen--YezhouYang,N,N,N
ArunabhaSen--NongYe,N,N,N
ArunabhaSen--StephenSYau,N,N,N
PauloShakarian--AviralShrivastava,N,N,N
PauloShakarian--DanShunk,Y,N,N
PauloShakarian--VioletSyrotiuk,Y,N,N
PauloShakarian--HanghangTong,N,N,Y
PauloShakarian--KurtVanLehn,Y,N,Y
PauloShakarian--JReneVillalobos,N,N,N
PauloShakarian--SarmaVrudhula,Y,N,N
PauloShakarian--ErinWalker,Y,N,N
PauloShakarian--CaroleJeanWu,Y,N,N
PauloShakarian--TeresaWu,N,N,N
PauloShakarian--GuoliangXue,N,N,N
PauloShakarian--YezhouYang,N,N,N
PauloShakarian--NongYe,N,N,N
PauloShakarian--StephenSYau,N,Y,Y
AviralShrivastava--DanShunk,Y,N,N
AviralShrivastava--VioletSyrotiuk,N,N,N
AviralShrivastava--HanghangTong,Y,N,N
AviralShrivastava--KurtVanLehn,Y,N,N
AviralShrivastava--JReneVillalobos,N,N,N
AviralShrivastava--SarmaVrudhula,N,Y,N
AviralShrivastava--ErinWalker,N,N,N
AviralShrivastava--CaroleJeanWu,Y,N,Y
AviralShrivastava--TeresaWu,Y,N,N
AviralShrivastava--GuoliangXue,N,N,N
AviralShrivastava--YezhouYang,N,N,N
AviralShrivastava--NongYe,N,N,N
AviralShrivastava--StephenSYau,N,N,N
DanShunk--VioletSyrotiuk,N,N,N
DanShunk--HanghangTong,N,N,N
DanShunk--KurtVanLehn,Y,N,N
DanShunk--JReneVillalobos,N,Y,N
DanShunk--SarmaVrudhula,N,N,N
DanShunk--ErinWalker,Y,N,N
DanShunk--CaroleJeanWu,Y,Y,N
DanShunk--TeresaWu,Y,N,N
DanShunk--GuoliangXue,N,N,N
DanShunk--YezhouYang,N,N,N
DanShunk--NongYe,N,N,N
DanShunk--StephenSYau,N,N,N
VioletSyrotiuk--HanghangTong,N,N,N
VioletSyrotiuk--KurtVanLehn,Y,N,N
VioletSyrotiuk--JReneVillalobos,Y,N,N
VioletSyrotiuk--SarmaVrudhula,N,N,N
VioletSyrotiuk--ErinWalker,Y,N,N
VioletSyrotiuk--CaroleJeanWu,Y,N,N
VioletSyrotiuk--TeresaWu,N,N,N
VioletSyrotiuk--GuoliangXue,N,N,N
VioletSyrotiuk--YezhouYang,N,N,N
VioletSyrotiuk--NongYe,N,N,N
VioletSyrotiuk--StephenSYau,N,N,N
HanghangTong--KurtVanLehn,Y,N,N
HanghangTong--JReneVillalobos,N,N,N
HanghangTong--SarmaVrudhula,Y,N,N
HanghangTong--ErinWalker,Y,N,N
HanghangTong--CaroleJeanWu,N,N,N
HanghangTong--TeresaWu,Y,N,N
HanghangTong--GuoliangXue,N,N,Y
HanghangTong--YezhouYang,N,N,N
HanghangTong--NongYe,N,N,Y
HanghangTong--StephenSYau,Y,N,N
KurtVanLehn--JReneVillalobos,Y,N,N
KurtVanLehn--SarmaVrudhula,Y,N,N
KurtVanLehn--ErinWalker,Y,Y,Y
KurtVanLehn--CaroleJeanWu,Y,N,N
KurtVanLehn--TeresaWu,Y,N,N
KurtVanLehn--GuoliangXue,N,N,N
KurtVanLehn--YezhouYang,N,N,Y
KurtVanLehn--NongYe,N,N,N
KurtVanLehn--StephenSYau,Y,N,N
JReneVillalobos--SarmaVrudhula,N,N,N
JReneVillalobos--ErinWalker,N,N,N
JReneVillalobos--CaroleJeanWu,N,N,N
JReneVillalobos--TeresaWu,Y,N,N
JReneVillalobos--GuoliangXue,N,N,N
JReneVillalobos--YezhouYang,N,N,N
JReneVillalobos--NongYe,N,N,N
JReneVillalobos--StephenSYau,Y,N,N
SarmaVrudhula--ErinWalker,N,N,N
SarmaVrudhula--CaroleJeanWu,N,N,Y
SarmaVrudhula--TeresaWu,N,N,N
SarmaVrudhula--GuoliangXue,N,N,N
SarmaVrudhula--YezhouYang,N,N,N
SarmaVrudhula--NongYe,N,N,N
SarmaVrudhula--StephenSYau,Y,N,N
ErinWalker--CaroleJeanWu,N,N,N
ErinWalker--TeresaWu,Y,N,N
ErinWalker--GuoliangXue,N,N,N
ErinWalker--YezhouYang,N,N,N
ErinWalker--NongYe,Y,N,N
ErinWalker--StephenSYau,Y,N,N
CaroleJeanWu--TeresaWu,N,N,N
CaroleJeanWu--GuoliangXue,N,N,N
CaroleJeanWu--YezhouYang,N,N,N
CaroleJeanWu--NongYe,N,N,N
CaroleJeanWu--StephenSYau,Y,N,N
TeresaWu--GuoliangXue,N,N,N
TeresaWu--YezhouYang,N,N,N
TeresaWu--NongYe,N,N,N
TeresaWu--StephenSYau,Y,N,N
GuoliangXue--YezhouYang,N,N,N
GuoliangXue--NongYe,N,N,N
GuoliangXue--StephenSYau,Y,Y,N
YezhouYang--NongYe,N,N,N
YezhouYang--StephenSYau,Y,N,N
NongYe--StephenSYau,Y,N,N
